rank,programme,channel,start_time,finish_time,rating,share,date
1,SURVIVOR,TV8,20:08:32,24:17:50,6.45,16.86,2026-01-01
2,ESRA EROL'DA,ATV,16:21:14,18:51:59,5.84,18.5,2026-01-01
3,SELCUK TEPELI ILE NOW ANA HABER,NOW,19:00:08,19:59:51,4.32,11.53,2026-01-01
4,ATV ANA HABER,ATV,19:00:06,19:56:27,3.93,10.52,2026-01-01
5,TUR REHBERI (T.S),SHOW TV,20:00:08,22:21:18,3.41,8.32,2026-01-01
6,KANAL D ANA HABER,KANAL D,18:58:26,20:00:06,3.35,8.94,2026-01-01
7,SURVIVOR OZET,TV8,19:31:08,20:08:17,3.33,8.61,2026-01-01
8,SHOW ANA HABER,SHOW TV,18:58:26,19:59:57,3.2,8.6,2026-01-01
9,GELIN,KANAL 7,19:37:08,21:20:14,3.11,7.68,2026-01-01
10,JURASSIC WORLD (Y.S),KANAL D,20:00:56,22:32:09,2.8,6.83,2026-01-01
1,TASACAK BU DENIZ (TKR),TRT 1,20:01:01,23:02:03,5.82,14.26,2026-01-02
2,ESRA EROL'DA,ATV,16:21:10,18:52:27,5.71,20.99,2026-01-02
3,MUGE ANLI ILE TATLI SERT,ATV,10:00:08,13:00:08,5.34,30.43,2026-01-02
4,SURVIVOR,TV8,20:33:28,24:10:23,4.61,12.22,2026-01-02
5,SELCUK TEPELI ILE NOW ANA HABER,NOW,19:00:08,19:59:34,4.44,12.29,2026-01-02
6,ATV ANA HABER,ATV,19:00:05,19:56:41,3.98,11.0,2026-01-02
7,ARKA SOKAKLAR (TKR),KANAL D,20:00:48,23:10:23,3.79,9.37,2026-01-02
8,EVDE TEK BASINA (Y.S),ATV,19:59:53,22:20:01,3.5,8.6,2026-01-02
9,KANAL D ANA HABER,KANAL D,18:58:23,19:59:59,3.08,8.51,2026-01-02
10,CIFTE MILYON,NOW,19:59:39,21:55:59,3.04,7.49,2026-01-02
1,SURVIVOR,TV8,20:45:31,24:10:09,4.99,13.31,2026-01-03
2,OZAN GUNDOGDU ILE NOW ANA HABER HAFTA SONU,NOW,19:00:08,19:59:52,4.01,11.01,2026-01-03
3,GONUL DAGI (TKR),TRT 1,20:00:27,23:03:06,3.76,9.4,2026-01-03
4,SHOW ANA HABER,SHOW TV,18:58:24,19:59:50,3.35,9.25,2026-01-03
5,GELIN,KANAL 7,19:40:27,21:17:52,3.3,8.44,2026-01-03
6,CIFTE MILYON,NOW,19:59:57,22:32:54,3.24,8.08,2026-01-03
7,KANAL D ANA HABER,KANAL D,18:58:28,20:00:05,2.95,8.1,2026-01-03
8,DUSUS (Y.S),KANAL D,20:00:54,22:22:18,2.94,7.35,2026-01-03
9,EXODUS:TANRILAR VE KRALLAR (Y.S),ATV,19:59:30,22:55:25,2.76,6.94,2026-01-03
10,GULDUR GULDUR SHOW (TKR),SHOW TV,20:00:01,24:10:48,2.71,7.1,2026-01-03
1,SURVIVOR,TV8,20:32:19,24:11:53,4.96,13.82,2026-01-04
2,OZAN GUNDOGDU ILE NOW ANA HABER HAFTA SONU,NOW,19:00:05,20:00:23,4.11,11.69,2026-01-04
3,BEYAZ'LA JOKER,KANAL D,20:00:13,22:23:03,3.64,9.2,2026-01-04
4,SHOW ANA HABER,SHOW TV,18:58:25,19:59:36,3.62,10.34,2026-01-04
5,TESKILAT (TKR),TRT 1,20:00:40,22:54:44,3.43,8.77,2026-01-04
6,KANAL D ANA HABER,KANAL D,18:58:28,19:59:56,3.39,9.62,2026-01-04
7,YEDI BELA HUSNU (T.S),SHOW TV,19:59:47,21:50:38,3.23,8.17,2026-01-04
8,GELIN,KANAL 7,19:35:15,21:16:52,3.04,7.94,2026-01-04
9,HER GONULDE BIR ASLAN YATAR (T.S),SHOW TV,21:50:54,23:33:21,2.98,8.23,2026-01-04
10,KIM MILYONER OLMAK ISTER (TKR),ATV,19:56:27,24:04:19,2.87,7.82,2026-01-04
1,UZAK SEHIR,KANAL D,21:00:12,24:06:02,15.83,40.35,2026-01-05
2,GALATASARAY-TRABZONSPOR TURKCELL SUPER KUPA KARSILASMASI,ATV,20:21:59,22:43:54,10.29,24.61,2026-01-05
3,UZAK SEHIR (OZET),KANAL D,20:00:53,21:00:06,8.85,22.06,2026-01-05
4,ESRA EROL'DA,ATV,16:21:05,18:46:00,5.41,22.16,2026-01-05
5,MUGE ANLI ILE TATLI SERT,ATV,10:00:05,12:59:44,5.03,33.02,2026-01-05
6,SELCUK TEPELI ILE NOW ANA HABER,NOW,19:00:07,20:00:27,4.33,12.68,2026-01-05
7,ATV ANA HABER,ATV,19:00:05,19:44:11,3.85,11.38,2026-01-05
8,KANAL D ANA HABER,KANAL D,18:58:17,20:00:04,3.6,10.58,2026-01-05
9,GELIN,KANAL 7,19:37:56,21:16:21,3.26,8.43,2026-01-05
10,SURVIVOR,TV8,20:44:52,24:09:11,3.21,8.29,2026-01-05
1,FENERBAHCE-SAMSUNSPOR TURKCELL SUPER KUPA KARSILASMASI,ATV,20:21:11,22:38:09,9.51,23.32,2026-01-06
2,ESRA EROL'DA,ATV,16:21:16,18:47:52,5.43,21.85,2026-01-06
3,KISKANMAK,NOW,20:58:57,24:01:34,5.16,13.78,2026-01-06
4,MUGE ANLI ILE TATLI SERT,ATV,09:59:57,13:00:00,5.07,34.03,2026-01-06
5,MEHMED FETIHLER SULTANI,TRT 1,20:59:46,24:01:16,4.72,12.5,2026-01-06
6,SELCUK TEPELI ILE NOW ANA HABER,NOW,19:00:08,19:59:46,4.43,13.06,2026-01-06
7,ATV ANA HABER,ATV,19:00:05,19:44:07,3.8,11.32,2026-01-06
8,RUYA GIBI,SHOW TV,20:59:07,23:58:07,3.76,10.01,2026-01-06
9,SURVIVOR,TV8,21:00:18,24:11:09,3.74,10.29,2026-01-06
10,GELIN,KANAL 7,19:36:10,21:16:40,3.3,8.66,2026-01-06
1,ESRA EROL'DA,ATV,16:21:02,18:48:12,5.5,21.81,2026-01-07
2,MUGE ANLI ILE TATLI SERT,ATV,10:00:02,12:59:48,5.43,35.56,2026-01-07
3,SELCUK TEPELI ILE NOW ANA HABER,NOW,19:00:08,19:59:25,4.73,14.11,2026-01-07
4,SURVIVOR,TV8,20:53:10,24:28:11,4.6,14.02,2026-01-07
5,ATV ANA HABER,ATV,18:59:59,19:54:19,4.14,12.37,2026-01-07
6,ESREF RUYA (TKR),KANAL D,20:00:43,23:20:02,3.7,10.05,2026-01-07
7,EMANET (T.S),NOW,19:59:35,22:14:29,3.34,8.84,2026-01-07
8,KANAL D ANA HABER,KANAL D,18:58:25,19:59:59,3.18,9.48,2026-01-07
9,GELIN,KANAL 7,19:38:58,21:17:12,3.09,8.39,2026-01-07
10,SHOW ANA HABER,SHOW TV,18:58:14,19:59:48,2.79,8.38,2026-01-07
1,HALEF KOKLERIN CAGRISI,NOW,20:43:56,24:00:16,9.19,24.15,2026-01-08
2,ESRA EROL'DA,ATV,16:21:02,18:49:01,5.6,20.77,2026-01-08
3,MUGE ANLI ILE TATLI SERT,ATV,09:59:54,12:59:21,5.36,33.83,2026-01-08
4,SELCUK TEPELI ILE NOW ANA HABER,NOW,19:00:08,20:00:01,5.34,14.97,2026-01-08
5,HALEF KOKLERIN CAGRISI (OZET),NOW,20:00:11,20:43:51,4.75,12.19,2026-01-08
6,VELIAHT,SHOW TV,20:59:54,24:15:31,4.21,11.19,2026-01-08
7,SURVIVOR,TV8,20:20:09,24:22:46,4.0,10.75,2026-01-08
8,ATV ANA HABER,ATV,19:00:02,19:54:37,3.84,10.82,2026-01-08
9,KANAL D ANA HABER,KANAL D,18:58:19,19:59:47,3.01,8.47,2026-01-08
10,GELIN,KANAL 7,19:33:18,21:18:05,2.97,7.71,2026-01-08
1,TASACAK BU DENIZ,TRT 1,21:00:14,23:54:24,15.32,36.15,2026-01-09
2,TASACAK BU DENIZ (OZET),TRT 1,20:00:39,21:00:14,8.59,21.09,2026-01-09
3,KIZILCIK SERBETI,SHOW TV,21:00:44,24:18:59,6.62,15.8,2026-01-09
4,ARKA SOKAKLAR,KANAL D,20:54:54,24:07:58,5.31,12.72,2026-01-09
5,MUGE ANLI ILE TATLI SERT,ATV,10:00:01,13:00:40,5.18,31.75,2026-01-09
6,ESRA EROL'DA,ATV,16:21:12,18:47:41,5.06,19.94,2026-01-09
7,SELCUK TEPELI ILE NOW ANA HABER,NOW,19:00:08,19:59:24,4.25,12.4,2026-01-09
8,KIZILCIK SERBETI (OZET),SHOW TV,19:59:50,21:00:44,3.74,9.22,2026-01-09
9,ARKA SOKAKLAR (OZET),KANAL D,20:00:39,20:54:43,3.54,8.75,2026-01-09
10,ATV ANA HABER,ATV,19:00:06,19:56:45,3.53,10.37,2026-01-09
1,GALATASARAY-FENERBAHCE TURKCELL SUPER KUPA KARSILASMASI,ATV,18:32:25,21:01:01,17.12,44.15,2026-01-10
2,GONUL DAGI,TRT 1,20:59:13,24:10:44,7.76,20.8,2026-01-10
3,TURKCELL SUPER KUPA KUPA TORENI,ATV,21:01:16,21:40:45,7.04,16.84,2026-01-10
4,GULLER VE GUNAHLAR (TKR),KANAL D,20:00:56,23:24:50,3.58,8.94,2026-01-10
5,MASTERCHEF TURKIYE,TV8,20:38:21,24:25:06,2.7,7.28,2026-01-10
6,GONUL DAGI (OZET),TRT 1,19:59:36,20:59:13,2.54,6.04,2026-01-10
7,OZAN GUNDOGDU ILE NOW ANA HABER HAFTA SONU,NOW,19:00:08,20:00:17,2.52,6.56,2026-01-10
8,GELIN,KANAL 7,19:35:52,21:18:11,2.39,5.78,2026-01-10
9,KANAL D ANA HABER,KANAL D,18:58:23,20:00:06,2.27,5.92,2026-01-10
10,SHOW ANA HABER,SHOW TV,18:58:24,19:59:42,2.17,5.69,2026-01-10
1,TESKILAT,TRT 1,21:00:12,23:48:41,7.76,20.06,2026-01-11
2,SAHTEKARLAR,NOW,20:52:24,23:53:24,4.85,12.6,2026-01-11
3,OZAN GUNDOGDU ILE NOW ANA HABER HAFTA SONU,NOW,19:00:08,19:59:48,4.17,11.91,2026-01-11
4,TESKILAT (OZET),TRT 1,20:00:45,21:00:12,3.68,9.5,2026-01-11
5,KANAL D ANA HABER,KANAL D,18:58:34,20:00:30,3.33,9.53,2026-01-11
6,SHOW ANA HABER,SHOW TV,18:58:26,19:59:53,3.23,9.29,2026-01-11
7,GELIN,KANAL 7,19:36:56,21:17:58,3.1,8.2,2026-01-11
8,KIM MILYONER OLMAK ISTER,ATV,20:51:00,24:16:38,3.01,7.93,2026-01-11
9,SAHTEKARLAR (OZET),NOW,19:59:58,20:52:19,2.86,7.43,2026-01-11
10,MASTERCHEF TURKIYE,TV8,20:37:02,24:28:46,2.81,7.68,2026-01-11
1,UZAK SEHIR,KANAL D,21:00:00,24:16:05,16.81,41.63,2026-01-12
2,UZAK SEHIR (OZET),KANAL D,20:00:41,20:59:49,9.28,22.5,2026-01-12
3,ESRA EROL'DA,ATV,16:21:16,18:46:07,5.83,21.22,2026-01-12
4,MUGE ANLI ILE TATLI SERT,ATV,10:00:06,12:59:56,5.47,30.58,2026-01-12
5,SELCUK TEPELI ILE NOW ANA HABER,NOW,19:00:08,20:00:07,4.73,13.02,2026-01-12
6,CENNETIN COCUKLARI,TRT 1,20:58:49,24:00:11,4.56,11.22,2026-01-12
7,KANAL D ANA HABER,KANAL D,18:58:13,19:59:57,4.05,11.14,2026-01-12
8,ATV ANA HABER,ATV,18:59:57,19:54:42,4.0,11.07,2026-01-12
9,SURVIVOR,TV8,20:47:15,24:22:36,3.51,8.92,2026-01-12
10,GELIN,KANAL 7,19:36:19,21:19:23,3.29,8.25,2026-01-12
1,A.B.I.,ATV,19:59:17,22:54:27,9.81,23.83,2026-01-13
2,ESRA EROL'DA,ATV,16:20:57,18:45:25,6.03,22.0,2026-01-13
3,MUGE ANLI ILE TATLI SERT,ATV,10:00:14,12:59:56,5.36,31.47,2026-01-13
4,ATV ANA HABER,ATV,19:00:02,19:59:07,4.36,12.14,2026-01-13
5,SELCUK TEPELI ILE NOW ANA HABER,NOW,19:00:08,19:59:58,4.27,11.88,2026-01-13
6,KISKANMAK,NOW,20:57:55,23:45:49,4.17,10.37,2026-01-13
7,MEHMED FETIHLER SULTANI,TRT 1,20:58:13,23:56:38,4.12,10.4,2026-01-13
8,SURVIVOR,TV8,20:32:19,24:19:15,3.69,9.55,2026-01-13
9,SHOW ANA HABER,SHOW TV,18:58:24,19:59:47,3.21,8.96,2026-01-13
10,GELIN,KANAL 7,19:35:06,21:18:49,3.03,7.72,2026-01-13
1,ESREF RUYA,KANAL D,20:59:58,24:16:59,9.04,23.22,2026-01-14
2,ESRA EROL'DA,ATV,16:21:26,18:46:09,5.68,21.75,2026-01-14
3,MUGE ANLI ILE TATLI SERT,ATV,10:00:14,12:59:53,5.57,31.89,2026-01-14
4,ESREF RUYA (OZET),KANAL D,20:00:44,20:59:47,5.29,13.57,2026-01-14
5,SAHIPSIZLER,STAR TV,20:53:41,24:17:20,4.76,12.31,2026-01-14
6,SELCUK TEPELI ILE NOW ANA HABER,NOW,19:00:08,20:00:01,4.03,11.84,2026-01-14
7,ATV ANA HABER,ATV,19:00:06,19:52:25,3.96,11.64,2026-01-14
8,SURVIVOR,TV8,20:21:45,24:21:53,3.82,9.97,2026-01-14
9,KURULUS ORHAN,ATV,20:56:17,24:18:02,3.78,9.68,2026-01-14
10,KANAL D ANA HABER,KANAL D,18:58:19,19:59:59,3.27,9.59,2026-01-14
1,HALEF KOKLERIN CAGRISI,NOW,20:44:28,24:17:56,8.69,23.81,2026-01-15
2,MUGE ANLI ILE TATLI SERT,ATV,10:00:03,12:59:53,5.65,33.83,2026-01-15
3,ESRA EROL'DA,ATV,16:21:35,18:46:03,5.08,19.91,2026-01-15
4,SELCUK TEPELI ILE NOW ANA HABER,NOW,19:00:08,19:59:48,4.57,14.25,2026-01-15
5,HALEF KOKLERIN CAGRISI (OZET),NOW,19:59:58,20:44:23,4.01,11.08,2026-01-15
6,BESIKTAS-EMRE GOKDEMIR INSAAT ANKARA KECIORENGUCU ZIRAAT TURKIYE KUPASI KARSILASMASI,ATV,20:21:11,22:37:41,3.62,9.4,2026-01-15
7,VELIAHT,SHOW TV,21:00:03,24:18:30,3.51,9.75,2026-01-15
8,SURVIVOR,TV8,20:29:23,24:24:27,3.4,9.51,2026-01-15
9,ATV ANA HABER,ATV,19:00:10,19:44:44,3.2,9.99,2026-01-15
10,MIRAC KANDILI DUA,KANAL 7,20:45:29,21:22:06,3.19,8.14,2026-01-15
1,TASACAK BU DENIZ,TRT 1,20:59:58,24:00:18,14.47,34.43,2026-01-16
2,TASACAK BU DENIZ (OZET),TRT 1,20:00:03,20:59:58,7.8,19.98,2026-01-16
3,KIZILCIK SERBETI,SHOW TV,20:59:17,24:17:53,6.26,14.99,2026-01-16
4,ARKA SOKAKLAR,KANAL D,20:59:48,24:16:33,6.23,14.98,2026-01-16
5,ESRA EROL'DA,ATV,16:21:11,18:45:51,5.85,22.23,2026-01-16
6,MUGE ANLI ILE TATLI SERT,ATV,10:00:06,12:59:56,5.36,33.21,2026-01-16
7,SELCUK TEPELI ILE NOW ANA HABER,NOW,19:00:08,20:00:04,4.5,12.94,2026-01-16
8,ATV ANA HABER,ATV,19:00:06,19:52:07,3.99,11.49,2026-01-16
9,KIZILCIK SERBETI (OZET),SHOW TV,20:00:06,20:59:17,3.81,9.78,2026-01-16
10,ARKA SOKAKLAR (OZET),KANAL D,20:00:46,20:59:37,3.71,9.55,2026-01-16
1,GULLER VE GUNAHLAR,KANAL D,20:51:46,24:17:27,8.57,22.22,2026-01-17
2,GONUL DAGI,TRT 1,20:58:14,24:02:12,6.45,16.64,2026-01-17
3,GULLER VE GUNAHLAR (OZET),KANAL D,20:00:53,20:51:35,5.11,13.54,2026-01-17
4,OZAN GUNDOGDU ILE NOW ANA HABER HAFTA SONU,NOW,19:00:08,19:59:50,3.73,11.2,2026-01-17
5,KANAL D ANA HABER,KANAL D,18:58:15,20:00:08,3.65,10.96,2026-01-17
6,GELIN,KANAL 7,19:35:38,21:19:45,3.02,8.2,2026-01-17
7,SHOW ANA HABER,SHOW TV,18:58:25,20:00:01,2.98,8.99,2026-01-17
8,GONUL DAGI (OZET),TRT 1,20:00:39,20:58:14,2.93,7.72,2026-01-17
9,MASTERCHEF TURKIYE,TV8,20:44:01,24:38:34,2.54,7.0,2026-01-17
10,SICAK GELISME,KANAL D,18:30:12,18:58:10,2.42,8.02,2026-01-17
1,TESKILAT,TRT 1,20:59:10,23:50:59,7.99,19.96,2026-01-18
2,SAHTEKARLAR,NOW,21:00:09,24:18:33,4.19,10.66,2026-01-18
3,OZAN GUNDOGDU ILE NOW ANA HABER HAFTA SONU,NOW,19:00:08,19:59:25,4.08,11.37,2026-01-18
4,MASTERCHEF TURKIYE,TV8,19:58:03,24:41:39,3.86,10.41,2026-01-18
5,TESKILAT (OZET),TRT 1,19:59:28,20:59:10,3.11,7.85,2026-01-18
6,SHOW ANA HABER,SHOW TV,18:58:23,19:59:41,3.08,8.61,2026-01-18
7,GELIN,KANAL 7,19:35:45,21:19:23,3.03,7.83,2026-01-18
8,SAHTEKARLAR (OZET),NOW,19:59:35,21:00:04,2.98,7.51,2026-01-18
9,KANAL D ANA HABER,KANAL D,18:58:30,20:00:06,2.95,8.22,2026-01-18
10,HABABAM SINIFI TATILDE (T.S),STAR TV,20:12:47,22:19:21,2.87,7.05,2026-01-18
1,UZAK SEHIR,KANAL D,20:59:54,24:16:09,16.61,41.19,2026-01-19
2,UZAK SEHIR (OZET),KANAL D,20:00:40,20:59:43,9.28,23.5,2026-01-19
3,MUGE ANLI ILE TATLI SERT,ATV,10:00:14,12:59:17,5.7,31.34,2026-01-19
4,ESRA EROL'DA,ATV,16:22:36,18:45:48,5.65,20.92,2026-01-19
5,CENNETIN COCUKLARI,TRT 1,20:57:54,23:48:25,4.9,11.96,2026-01-19
6,SELCUK TEPELI ILE NOW ANA HABER,NOW,19:00:08,20:00:57,4.33,12.29,2026-01-19
7,KANAL D ANA HABER,KANAL D,18:58:23,19:59:55,3.8,10.81,2026-01-19
8,ATV ANA HABER,ATV,19:00:12,19:54:30,3.59,10.24,2026-01-19
9,SURVIVOR,TV8,20:45:36,24:23:17,3.22,8.33,2026-01-19
10,SHOW ANA HABER,SHOW TV,18:58:24,20:00:01,3.02,8.62,2026-01-19
1,A.B.I.,ATV,20:44:50,23:18:59,11.03,26.88,2026-01-20
2,A.B.I. (OZET),ATV,19:59:47,20:44:50,5.83,14.95,2026-01-20
3,ESRA EROL'DA,ATV,16:21:13,18:45:10,5.82,22.6,2026-01-20
4,MUGE ANLI ILE TATLI SERT,ATV,10:00:05,13:00:04,5.63,32.1,2026-01-20
5,KISKANMAK,NOW,20:58:21,24:17:47,4.88,12.47,2026-01-20
6,SELCUK TEPELI ILE NOW ANA HABER,NOW,19:00:05,19:59:58,4.6,13.32,2026-01-20
7,MEHMED FETIHLER SULTANI,TRT 1,20:57:36,23:53:29,4.18,10.46,2026-01-20
8,ATV ANA HABER,ATV,19:00:05,19:59:37,4.02,11.62,2026-01-20
9,SURVIVOR,TV8,20:38:21,24:21:25,3.43,9.01,2026-01-20
10,KANAL D ANA HABER,KANAL D,18:58:16,19:59:44,3.14,9.11,2026-01-20
1,GALATASARAY-ATLETICO MADRID UEFA SAMPIYONLAR LIGI KARSILASMASI,TRT 1,20:34:40,22:48:20,13.59,31.2,2026-01-21
2,ESREF RUYA,KANAL D,20:39:04,24:16:43,7.6,18.3,2026-01-21
3,ESRA EROL'DA,ATV,16:21:12,18:45:41,6.14,23.21,2026-01-21
4,MUGE ANLI ILE TATLI SERT,ATV,10:00:06,12:59:19,5.76,32.72,2026-01-21
5,SAHIPSIZLER,STAR TV,21:00:06,24:17:43,5.55,13.44,2026-01-21
6,ESREF RUYA (OZET),KANAL D,20:00:21,20:38:53,4.6,11.81,2026-01-21
7,SELCUK TEPELI ILE NOW ANA HABER,NOW,19:00:08,19:59:32,4.42,12.78,2026-01-21
8,ATV ANA HABER,ATV,19:00:05,19:52:38,4.3,12.46,2026-01-21
9,KURULUS ORHAN,ATV,21:00:05,24:16:43,3.57,8.58,2026-01-21
10,KANAL D ANA HABER,KANAL D,18:58:21,19:59:36,3.18,9.19,2026-01-21
1,FENERBAHCE-ASTON VILLA UEFA AVRUPA LIGI KARSILASMASI,TRT 1,20:34:20,22:49:13,11.44,27.42,2026-01-22
2,HALEF KOKLERIN CAGRISI,NOW,20:59:10,24:17:28,9.05,22.81,2026-01-22
3,ESRA EROL'DA,ATV,16:21:22,18:46:27,6.12,22.42,2026-01-22
4,MUGE ANLI ILE TATLI SERT,ATV,10:00:06,12:59:55,5.88,31.92,2026-01-22
5,SELCUK TEPELI ILE NOW ANA HABER,NOW,19:00:08,19:59:45,5.2,14.7,2026-01-22
6,HALEF KOKLERIN CAGRISI (OZET),NOW,20:01:08,20:59:05,5.01,12.76,2026-01-22
7,ATV ANA HABER,ATV,19:00:08,19:54:28,3.83,10.85,2026-01-22
8,VELIAHT,SHOW TV,21:00:20,24:18:24,3.69,9.3,2026-01-22
9,GELIN,KANAL 7,19:35:13,21:19:24,3.53,9.23,2026-01-22
10,ATV GUN ORTASI,ATV,13:00:03,13:58:41,3.15,15.66,2026-01-22
1,TASACAK BU DENIZ,TRT 1,20:45:01,24:04:35,14.84,35.29,2026-01-23
2,KIZILCIK SERBETI,SHOW TV,21:00:16,24:19:55,6.7,15.98,2026-01-23
3,TASACAK BU DENIZ (OZET),TRT 1,19:42:55,20:45:01,6.31,16.48,2026-01-23
4,ARKA SOKAKLAR,KANAL D,20:43:34,24:15:16,5.88,13.97,2026-01-23
5,ESRA EROL'DA,ATV,16:21:16,18:45:55,5.76,22.37,2026-01-23
6,MUGE ANLI ILE TATLI SERT,ATV,10:00:12,13:00:03,5.47,31.29,2026-01-23
7,ATV ANA HABER,ATV,19:00:01,19:54:30,3.97,11.79,2026-01-23
8,KIZILCIK SERBETI (OZET),SHOW TV,20:00:04,21:00:16,3.93,9.9,2026-01-23
9,NOW ANA HABER,NOW,19:00:08,20:00:10,3.77,11.15,2026-01-23
10,ARKA SOKAKLAR (OZET),KANAL D,20:00:44,20:43:23,3.35,8.75,2026-01-23
1,GULLER VE GUNAHLAR,KANAL D,20:59:59,24:17:15,8.57,22.5,2026-01-24
2,GONUL DAGI,TRT 1,20:59:07,24:08:11,6.58,17.19,2026-01-24
3,GULLER VE GUNAHLAR (OZET),KANAL D,20:00:49,20:59:48,5.0,13.75,2026-01-24
4,SURVIVOR,TV8,20:39:57,24:21:28,3.94,10.64,2026-01-24
5,OZAN GUNDOGDU ILE NOW ANA HABER HAFTA SONU,NOW,19:00:08,19:59:37,3.84,11.83,2026-01-24
6,KANAL D ANA HABER,KANAL D,18:58:30,20:00:05,3.33,10.27,2026-01-24
7,GELIN,KANAL 7,19:38:46,21:19:43,2.96,8.32,2026-01-24
8,GONUL DAGI (OZET),TRT 1,20:00:36,20:59:07,2.85,7.83,2026-01-24
9,SHOW ANA HABER,SHOW TV,18:58:24,19:59:58,2.55,7.92,2026-01-24
10,SICAK GELISME,KANAL D,18:30:12,18:58:25,2.42,8.42,2026-01-24
1,TESKILAT,TRT 1,21:00:25,23:50:35,7.65,19.31,2026-01-25
2,SURVIVOR,TV8,20:31:16,24:20:22,4.34,11.48,2026-01-25
3,SAHTEKARLAR,NOW,21:00:09,24:17:06,4.11,10.61,2026-01-25
4,OZAN GUNDOGDU ILE NOW ANA HABER HAFTA SONU,NOW,19:00:08,20:00:01,3.87,11.58,2026-01-25
5,TESKILAT (OZET),TRT 1,19:59:49,21:00:25,3.5,9.23,2026-01-25
6,SHOW ANA HABER,SHOW TV,18:58:25,20:00:06,3.14,9.46,2026-01-25
7,RUYA GIBI,SHOW TV,20:57:50,24:18:50,2.97,7.62,2026-01-25
8,KANAL D ANA HABER,KANAL D,18:58:24,19:59:56,2.92,8.74,2026-01-25
9,GELIN,KANAL 7,19:38:30,21:20:11,2.79,7.58,2026-01-25
10,KIM MILYONER OLMAK ISTER,ATV,20:51:46,24:20:35,2.46,6.39,2026-01-25
1,UZAK SEHIR,KANAL D,21:00:01,24:15:43,15.64,39.49,2026-01-26
2,UZAK SEHIR (OZET),KANAL D,20:00:45,20:59:50,8.63,22.57,2026-01-26
3,MUGE ANLI ILE TATLI SERT,ATV,09:59:57,12:59:56,5.46,31.61,2026-01-26
4,ESRA EROL'DA,ATV,16:21:08,18:45:22,4.91,20.39,2026-01-26
5,CENNETIN COCUKLARI,TRT 1,20:58:09,24:01:10,4.67,11.72,2026-01-26
6,SELCUK TEPELI ILE NOW ANA HABER,NOW,19:00:08,19:59:57,4.21,12.84,2026-01-26
7,SURVIVOR,TV8,20:39:19,24:33:26,3.63,9.69,2026-01-26
8,KANAL D ANA HABER,KANAL D,18:58:23,20:00:01,3.46,10.56,2026-01-26
9,ATV ANA HABER,ATV,19:00:09,19:51:25,3.26,10.0,2026-01-26
10,GELIN,KANAL 7,19:36:55,21:19:49,2.73,7.39,2026-01-26
1,A.B.I.,ATV,20:40:56,23:31:33,11.03,27.81,2026-01-27
2,MUGE ANLI ILE TATLI SERT,ATV,10:00:02,12:59:56,5.7,32.12,2026-01-27
3,ESRA EROL'DA,ATV,16:21:10,18:45:57,5.57,22.45,2026-01-27
4,A.B.I. (OZET),ATV,19:59:46,20:40:56,5.44,14.56,2026-01-27
5,KISKANMAK,NOW,20:59:16,24:18:13,4.78,12.55,2026-01-27
6,SELCUK TEPELI ILE NOW ANA HABER,NOW,19:00:08,19:59:58,4.65,13.67,2026-01-27
7,ATV ANA HABER,ATV,18:59:57,19:52:29,4.13,12.19,2026-01-27
8,SURVIVOR,TV8,20:36:53,24:21:43,4.05,10.96,2026-01-27
9,MEHMED FETIHLER SULTANI,TRT 1,20:58:39,24:00:17,4.04,10.52,2026-01-27
10,GELIN,KANAL 7,19:37:03,21:19:57,3.26,8.75,2026-01-27
1,MANCHESTER CITY-GALATASARAY UEFA SAMPIYONLAR LIGI KARSILASMASI,TRT 1,22:50:39,25:02:02,13.01,38.06,2026-01-28
2,ESREF RUYA,KANAL D,20:46:53,24:19:35,6.88,16.72,2026-01-28
3,YERALTI,NOW,20:00:05,22:41:20,5.69,14.05,2026-01-28
4,ESRA EROL'DA,ATV,16:21:05,18:45:31,5.52,23.0,2026-01-28
5,MUGE ANLI ILE TATLI SERT,ATV,10:00:04,13:00:02,5.5,32.3,2026-01-28
6,SAHIPSIZLER,STAR TV,21:00:11,24:19:09,4.77,11.57,2026-01-28
7,SELCUK TEPELI ILE NOW ANA HABER,NOW,19:00:08,19:59:54,4.21,12.95,2026-01-28
8,ESREF RUYA (OZET),KANAL D,20:00:33,20:46:42,3.72,9.83,2026-01-28
9,SURVIVOR,TV8,20:45:15,24:19:09,3.7,9.09,2026-01-28
10,ATV ANA HABER,ATV,19:00:06,19:59:28,3.5,10.77,2026-01-28
1,FCSB-FENERBAHCE UEFA AVRUPA LIGI KARSILASMASI,TRT 1,22:50:57,25:02:44,8.97,28.99,2026-01-29
2,HALEF KOKLERIN CAGRISI,NOW,20:58:13,23:49:34,8.82,22.36,2026-01-29
3,ESRA EROL'DA,ATV,16:21:05,18:46:01,5.34,21.46,2026-01-29
4,MUGE ANLI ILE TATLI SERT,ATV,10:00:01,12:59:09,5.25,31.58,2026-01-29
5,HALEF KOKLERIN CAGRISI (OZET),NOW,19:59:47,20:58:08,5.2,14.33,2026-01-29
6,SELCUK TEPELI ILE NOW ANA HABER,NOW,19:00:08,19:59:37,4.36,13.53,2026-01-29
7,INCI TANELERI,KANAL D,20:55:13,23:43:00,4.06,10.3,2026-01-29
8,VELIAHT,SHOW TV,21:00:00,24:19:12,3.87,9.94,2026-01-29
9,ATV ANA HABER,ATV,19:00:06,19:51:00,3.86,12.03,2026-01-29
10,SURVIVOR,TV8,20:43:00,24:18:35,3.64,9.52,2026-01-29
1,TASACAK BU DENIZ,TRT 1,21:00:18,23:57:08,15.07,35.8,2026-01-30
2,TASACAK BU DENIZ (OZET),TRT 1,19:59:49,21:00:18,8.07,20.74,2026-01-30
3,KIZILCIK SERBETI,SHOW TV,21:00:05,24:18:22,6.47,15.44,2026-01-30
4,ARKA SOKAKLAR,KANAL D,21:00:14,24:13:45,5.54,13.23,2026-01-30
5,ESRA EROL'DA,ATV,16:21:11,18:46:34,5.38,21.21,2026-01-30
6,MUGE ANLI ILE TATLI SERT,ATV,10:00:02,13:00:07,5.11,29.87,2026-01-30
7,SELCUK TEPELI ILE NOW ANA HABER,NOW,19:00:08,20:00:21,4.26,12.61,2026-01-30
8,ATV ANA HABER,ATV,19:00:06,19:51:57,3.82,11.35,2026-01-30
9,KIZILCIK SERBETI (OZET),SHOW TV,19:59:44,21:00:05,3.76,9.67,2026-01-30
10,GELIN,KANAL 7,19:36:25,21:19:05,3.41,9.06,2026-01-30
1,GULLER VE GUNAHLAR,KANAL D,21:00:18,24:15:04,9.02,23.26,2026-01-31
2,GONUL DAGI,TRT 1,20:59:59,23:57:18,7.26,18.55,2026-01-31
3,GULLER VE GUNAHLAR (OZET),KANAL D,20:01:00,21:00:07,5.0,13.3,2026-01-31
4,SURVIVOR,TV8,20:45:05,24:18:07,4.12,10.84,2026-01-31
5,OZAN GUNDOGDU ILE NOW ANA HABER HAFTA SONU,NOW,19:00:08,19:59:57,3.89,11.36,2026-01-31
6,SHOW ANA HABER,SHOW TV,18:58:25,19:59:48,3.37,9.87,2026-01-31
7,KANAL D ANA HABER,KANAL D,18:58:24,20:00:15,3.36,9.81,2026-01-31
8,GELIN,KANAL 7,19:31:54,21:19:29,3.18,8.71,2026-01-31
9,GONUL DAGI (OZET),TRT 1,20:00:19,20:59:59,3.16,8.44,2026-01-31
10,SAVASCI PRENSES (Y.S),ATV,19:59:47,21:55:14,2.76,7.23,2026-01-31
1,TESKILAT,TRT 1,21:00:16,23:44:41,8.25,21.24,2026-02-01
2,OZAN GUNDOGDU ILE NOW ANA HABER HAFTA SONU,NOW,19:00:08,19:59:59,4.44,12.53,2026-02-01
3,SURVIVOR,TV8,20:39:01,24:38:26,4.19,11.86,2026-02-01
4,TESKILAT (OZET),TRT 1,20:00:31,21:00:16,4.08,10.51,2026-02-01
5,SAHTEKARLAR,NOW,20:59:57,24:16:21,4.01,10.63,2026-02-01
6,KANAL D ANA HABER,KANAL D,18:58:22,19:59:59,3.61,10.21,2026-02-01
7,GELIN,KANAL 7,19:37:34,21:19:37,3.52,9.23,2026-02-01
8,SICAK GELISME,KANAL D,18:30:11,18:58:17,3.18,9.87,2026-02-01
9,SHOW ANA HABER,SHOW TV,18:58:25,19:59:40,2.66,7.52,2026-02-01
10,SAHTEKARLAR (OZET),NOW,20:00:04,20:59:52,2.59,6.65,2026-02-01
1,UZAK SEHIR,KANAL D,21:00:29,24:16:52,13.48,36.26,2026-02-02
2,UZAK SEHIR (OZET),KANAL D,20:45:44,21:00:17,6.84,17.91,2026-02-02
3,ESRA EROL'DA,ATV,16:21:20,18:45:51,5.5,21.99,2026-02-02
4,MUGE ANLI ILE TATLI SERT,ATV,10:00:04,12:59:58,5.2,33.56,2026-02-02
5,CUMHURBASKANLIGI KULLIYESI BESTEPE MILLET CAMII BERAT GECESI OZEL,KANAL D,20:01:05,20:43:19,4.16,11.7,2026-02-02
6,SELCUK TEPELI ILE NOW ANA HABER,NOW,19:00:08,19:59:58,4.02,12.44,2026-02-02
7,CENNETIN COCUKLARI,TRT 1,20:58:48,23:48:00,3.77,9.96,2026-02-02
8,ATV ANA HABER,ATV,19:00:04,19:53:44,3.26,10.16,2026-02-02
9,KANAL D ANA HABER,KANAL D,18:58:21,20:00:00,2.89,8.94,2026-02-02
10,SURVIVOR,TV8,20:52:53,24:29:39,2.81,7.93,2026-02-02
1,A.B.I.,ATV,21:00:04,24:16:57,9.84,25.67,2026-02-03
2,A.B.I. (OZET),ATV,19:59:43,21:00:04,6.14,16.12,2026-02-03
3,ESRA EROL'DA,ATV,16:21:08,18:45:02,5.69,24.13,2026-02-03
4,MUGE ANLI ILE TATLI SERT,ATV,10:00:04,12:59:56,4.93,32.71,2026-02-03
5,KISKANMAK,NOW,20:58:40,24:18:23,4.46,11.76,2026-02-03
6,MEHMED FETIHLER SULTANI,TRT 1,20:59:19,24:10:25,4.39,11.48,2026-02-03
7,SELCUK TEPELI ILE NOW ANA HABER,NOW,19:00:08,19:59:49,4.1,12.31,2026-02-03
8,SURVIVOR,TV8,20:43:44,24:16:59,3.63,9.62,2026-02-03
9,ATV ANA HABER,ATV,18:59:58,19:59:33,3.53,10.58,2026-02-03
10,GELIN,KANAL 7,19:36:44,21:19:57,3.23,8.71,2026-02-03
1,ESREF RUYA,KANAL D,20:58:27,24:17:07,7.11,17.98,2026-02-04
2,YERALTI,NOW,20:58:10,23:50:18,6.69,16.64,2026-02-04
3,MUGE ANLI ILE TATLI SERT,ATV,10:00:00,12:59:40,5.18,34.53,2026-02-04
4,ESRA EROL'DA,ATV,16:21:19,18:46:06,4.88,21.48,2026-02-04
5,ESREF RUYA (OZET),KANAL D,20:00:47,20:58:16,4.51,11.69,2026-02-04
6,SAHIPSIZLER,STAR TV,20:57:44,24:18:07,4.45,11.41,2026-02-04
7,ATV ANA HABER,ATV,19:00:06,19:53:13,4.38,13.22,2026-02-04
8,SELCUK TEPELI ILE NOW ANA HABER,NOW,19:00:07,19:59:46,4.04,12.14,2026-02-04
9,KURULUS ORHAN,ATV,21:00:21,24:17:02,3.86,9.77,2026-02-04
10,YERALTI (OZET),NOW,19:59:56,20:58:05,3.83,10.12,2026-02-04
1,HALEF KOKLERIN CAGRISI,NOW,20:59:02,24:17:28,9.26,24.16,2026-02-05
2,FENERBAHCE-ERZURUMSPOR FK ZIRAAT TURKIYE KUPASI KARSILASMASI,ATV,20:21:19,22:37:59,6.71,16.48,2026-02-05
3,HALEF KOKLERIN CAGRISI (OZET),NOW,19:59:43,20:58:57,5.58,14.18,2026-02-05
4,ESRA EROL'DA,ATV,16:21:24,18:46:19,5.45,22.58,2026-02-05
5,MUGE ANLI ILE TATLI SERT,ATV,10:00:12,12:59:54,5.0,33.35,2026-02-05
6,SELCUK TEPELI ILE NOW ANA HABER,NOW,19:00:08,19:59:33,4.31,12.8,2026-02-05
7,VELIAHT,SHOW TV,21:00:29,24:17:23,4.29,11.21,2026-02-05
8,ATV ANA HABER,ATV,19:00:05,19:44:08,3.71,11.13,2026-02-05
9,INCI TANELERI,KANAL D,20:59:50,24:18:56,3.56,9.29,2026-02-05
10,SURVIVOR,TV8,20:52:56,24:26:59,3.5,9.49,2026-02-05
1,TASACAK BU DENIZ,TRT 1,20:58:18,24:03:39,14.9,35.99,2026-02-06
2,TASACAK BU DENIZ (OZET),TRT 1,20:00:11,20:58:18,7.82,20.44,2026-02-06
3,KIZILCIK SERBETI,SHOW TV,21:00:12,24:18:31,6.61,15.99,2026-02-06
4,ARKA SOKAKLAR,KANAL D,20:59:55,24:16:03,6.0,14.56,2026-02-06
5,ESRA EROL'DA,ATV,16:21:11,18:45:16,5.36,22.42,2026-02-06
6,MUGE ANLI ILE TATLI SERT,ATV,09:59:59,13:00:06,4.63,30.92,2026-02-06
7,SELCUK TEPELI ILE NOW ANA HABER,NOW,19:00:08,19:59:55,4.1,12.68,2026-02-06
8,ATV ANA HABER,ATV,18:59:56,19:49:55,3.99,12.43,2026-02-06
9,ARKA SOKAKLAR (OZET),KANAL D,20:00:41,20:59:44,3.87,10.1,2026-02-06
10,KIZILCIK SERBETI (OZET),SHOW TV,20:00:00,21:00:12,3.67,9.57,2026-02-06
1,GULLER VE GUNAHLAR,KANAL D,21:01:20,24:16:44,9.22,23.91,2026-02-07
2,GONUL DAGI,TRT 1,20:59:07,24:13:10,6.43,16.62,2026-02-07
3,GULLER VE GUNAHLAR (OZET),KANAL D,20:00:54,21:01:09,4.81,13.32,2026-02-07
4,OZAN GUNDOGDU ILE NOW ANA HABER HAFTA SONU,NOW,19:00:08,19:59:31,3.64,11.36,2026-02-07
5,SURVIVOR,TV8,20:48:17,24:19:07,3.55,9.42,2026-02-07
6,GELIN,KANAL 7,19:36:02,21:18:15,3.11,8.83,2026-02-07
7,GONUL DAGI (OZET),TRT 1,19:58:48,20:59:07,2.94,8.15,2026-02-07
8,SHOW ANA HABER,SHOW TV,18:58:25,19:59:54,2.9,9.09,2026-02-07
9,KANAL D ANA HABER,KANAL D,18:58:21,20:00:10,2.77,8.62,2026-02-07
10,GULDUR GULDUR SHOW OZET,SHOW TV,20:00:05,20:43:22,2.4,6.83,2026-02-07
1,TESKILAT,TRT 1,20:58:10,23:48:30,7.94,20.76,2026-02-08
2,OZAN GUNDOGDU ILE NOW ANA HABER HAFTA SONU,NOW,19:00:08,19:59:38,4.3,12.65,2026-02-08
3,SAHTEKARLAR,NOW,20:59:07,24:17:18,4.21,11.4,2026-02-08
4,SURVIVOR,TV8,20:46:27,24:32:53,4.02,11.53,2026-02-08
5,TESKILAT (OZET),TRT 1,19:59:27,20:58:10,3.33,8.84,2026-02-08
6,GELIN,KANAL 7,19:36:50,21:19:39,3.11,8.46,2026-02-08
7,SHOW ANA HABER,SHOW TV,18:58:25,19:59:54,3.08,9.12,2026-02-08
8,SUT KARDESLER (T.S),STAR TV,20:12:00,21:46:33,3.08,7.98,2026-02-08
9,KANAL D ANA HABER,KANAL D,18:58:27,20:00:12,2.69,7.91,2026-02-08
10,BEYAZ'LA JOKER OZET,KANAL D,20:00:55,20:16:27,2.48,6.96,2026-02-08
1,UZAK SEHIR,KANAL D,21:01:15,24:17:11,14.83,37.67,2026-02-09
2,UZAK SEHIR (OZET),KANAL D,19:58:47,21:01:09,7.27,18.9,2026-02-09
3,ESRA EROL'DA,ATV,16:21:26,18:44:11,5.72,24.16,2026-02-09
4,MUGE ANLI ILE TATLI SERT,ATV,10:00:05,12:59:53,4.78,31.72,2026-02-09
5,CENNETIN COCUKLARI,TRT 1,20:58:48,24:00:15,4.3,10.82,2026-02-09
6,SELCUK TEPELI ILE NOW ANA HABER,NOW,19:00:08,20:00:08,3.9,11.56,2026-02-09
7,ATV ANA HABER,ATV,19:00:06,19:59:36,3.67,10.89,2026-02-09
8,SHOW ANA HABER,SHOW TV,18:58:09,19:59:58,3.42,10.24,2026-02-09
9,KANAL D ANA HABER,KANAL D,18:58:20,19:58:03,3.19,9.51,2026-02-09
10,AYNI YAGMUR ALTINDA,ATV,19:59:46,22:37:47,3.12,7.69,2026-02-09
1,A.B.I.,ATV,20:44:45,24:16:44,9.14,24.78,2026-02-10
2,ESRA EROL'DA,ATV,16:21:18,18:46:36,5.65,22.47,2026-02-10
3,MUGE ANLI ILE TATLI SERT,ATV,09:59:52,12:59:56,5.25,33.24,2026-02-10
4,A.B.I. (OZET),ATV,19:59:45,20:44:45,4.75,13.33,2026-02-10
5,KISKANMAK,NOW,20:54:50,24:16:52,4.59,12.56,2026-02-10
6,MEHMED FETIHLER SULTANI,TRT 1,20:57:52,23:54:45,4.36,11.68,2026-02-10
7,SELCUK TEPELI ILE NOW ANA HABER,NOW,19:00:08,19:59:53,3.98,12.24,2026-02-10
8,ATV ANA HABER,ATV,19:00:07,19:51:08,3.92,12.07,2026-02-10
9,SURVIVOR,TV8,20:36:26,24:17:58,3.74,10.46,2026-02-10
10,KISKANMAK (OZET),NOW,19:59:58,20:54:45,3.05,8.37,2026-02-10
1,YERALTI,NOW,20:57:15,23:34:42,7.41,18.9,2026-02-11
2,ESREF RUYA,KANAL D,20:44:28,24:17:46,6.46,17.01,2026-02-11
3,ESRA EROL'DA,ATV,16:21:14,18:45:35,5.46,23.35,2026-02-11
4,MUGE ANLI ILE TATLI SERT,ATV,10:00:04,13:00:00,5.04,32.65,2026-02-11
5,YERALTI (OZET),NOW,20:00:52,20:57:00,4.49,12.25,2026-02-11
6,SELCUK TEPELI ILE NOW ANA HABER,NOW,19:00:08,20:00:42,4.43,13.73,2026-02-11
7,SAHIPSIZLER,STAR TV,20:45:34,24:17:24,4.41,11.72,2026-02-11
8,SURVIVOR,TV8,20:21:04,24:16:47,4.15,11.12,2026-02-11
9,ATV ANA HABER,ATV,18:59:57,19:50:12,3.95,12.32,2026-02-11
10,KURULUS ORHAN,ATV,20:46:13,24:16:36,3.47,9.14,2026-02-11
1,HALEF KOKLERIN CAGRISI,NOW,20:53:47,24:17:57,8.0,21.71,2026-02-12
2,SEVDIGIM SENSIN,STAR TV,20:00:27,22:17:17,6.24,16.42,2026-02-12
3,ESRA EROL'DA,ATV,16:21:21,18:45:34,5.47,22.14,2026-02-12
4,MUGE ANLI ILE TATLI SERT,ATV,10:00:03,12:59:52,5.14,32.63,2026-02-12
5,SELCUK TEPELI ILE NOW ANA HABER,NOW,19:00:08,19:59:52,4.43,13.78,2026-02-12
6,SURVIVOR,TV8,20:11:20,24:28:39,4.29,12.15,2026-02-12
7,HALEF KOKLERIN CAGRISI (OZET),NOW,20:00:02,20:53:32,4.29,11.76,2026-02-12
8,VELIAHT,SHOW TV,20:56:58,24:17:53,3.89,10.56,2026-02-12
9,ATV ANA HABER,ATV,19:00:08,19:52:13,3.61,11.29,2026-02-12
10,SEVDIGIM SENSIN (TKR),STAR TV,22:17:41,24:46:52,2.92,9.51,2026-02-12
1,TASACAK BU DENIZ,TRT 1,20:58:57,24:21:41,13.91,34.02,2026-02-13
2,TASACAK BU DENIZ (OZET),TRT 1,20:00:32,20:58:57,7.27,19.45,2026-02-13
3,KIZILCIK SERBETI,SHOW TV,20:59:15,24:18:00,6.63,16.07,2026-02-13
4,ARKA SOKAKLAR,KANAL D,20:34:27,24:16:05,5.76,14.07,2026-02-13
5,ESRA EROL'DA,ATV,16:21:12,18:46:03,4.94,20.36,2026-02-13
6,MUGE ANLI ILE TATLI SERT,ATV,10:00:02,12:59:16,4.62,29.47,2026-02-13
7,SELCUK TEPELI ILE NOW ANA HABER,NOW,19:00:04,20:00:05,3.79,11.81,2026-02-13
8,KIZILCIK SERBETI (OZET),SHOW TV,20:00:05,20:59:15,3.54,9.49,2026-02-13
9,ATV ANA HABER,ATV,19:00:02,19:47:31,3.47,10.86,2026-02-13
10,ARKA SOKAKLAR (OZET),KANAL D,20:00:41,20:34:16,2.93,8.3,2026-02-13
1,GULLER VE GUNAHLAR,KANAL D,21:00:21,24:17:03,8.35,22.14,2026-02-14
2,GONUL DAGI,TRT 1,20:57:20,24:20:51,5.17,13.75,2026-02-14
3,GULLER VE GUNAHLAR (OZET),KANAL D,20:00:57,21:00:10,4.53,12.65,2026-02-14
4,SURVIVOR,TV8,20:13:23,24:19:49,3.73,10.12,2026-02-14
5,OZAN GUNDOGDU ILE NOW ANA HABER HAFTA SONU,NOW,19:00:08,19:59:55,3.13,10.69,2026-02-14
6,GELIN,KANAL 7,19:33:33,21:19:21,2.55,7.43,2026-02-14
7,KANAL D ANA HABER,KANAL D,18:58:28,20:00:13,2.5,8.53,2026-02-14
8,GONUL DAGI (OZET),TRT 1,20:00:34,20:57:20,2.48,6.91,2026-02-14
9,SHOW ANA HABER,SHOW TV,18:58:25,19:59:57,2.43,8.38,2026-02-14
10,ATV ANA HABER,ATV,19:00:05,19:48:37,1.91,6.57,2026-02-14
1,TESKILAT,TRT 1,20:57:18,24:02:49,7.48,21.06,2026-02-15
2,SURVIVOR,TV8,20:24:49,24:23:23,4.28,12.51,2026-02-15
3,SAHTEKARLAR,NOW,21:00:10,24:18:33,3.62,10.26,2026-02-15
4,OZAN GUNDOGDU ILE NOW ANA HABER HAFTA SONU,NOW,19:00:08,20:00:02,3.54,11.58,2026-02-15
5,TESKILAT (OZET),TRT 1,19:59:40,20:57:18,3.34,9.24,2026-02-15
6,GELIN,KANAL 7,19:37:20,21:19:30,2.77,7.92,2026-02-15
7,SHOW ANA HABER,SHOW TV,18:58:25,19:59:30,2.53,8.34,2026-02-15
8,KANAL D ANA HABER,KANAL D,18:58:23,20:00:02,2.44,7.96,2026-02-15
9,SAHTEKARLAR (OZET),NOW,20:00:07,21:00:05,2.3,6.37,2026-02-15
10,ATV ANA HABER,ATV,19:00:06,19:48:33,2.21,7.25,2026-02-15
1,UZAK SEHIR,KANAL D,21:00:03,24:16:46,14.61,39.55,2026-02-16
2,UZAK SEHIR (OZET),KANAL D,20:00:36,20:59:52,7.54,20.65,2026-02-16
3,ESRA EROL'DA,ATV,16:21:33,18:44:28,4.94,22.13,2026-02-16
4,MUGE ANLI ILE TATLI SERT,ATV,10:00:02,12:59:52,4.73,33.17,2026-02-16
5,CENNETIN COCUKLARI,TRT 1,20:59:12,23:47:08,4.09,10.79,2026-02-16
6,SELCUK TEPELI ILE NOW ANA HABER,NOW,19:00:08,20:00:28,3.82,11.98,2026-02-16
7,SURVIVOR,TV8,20:31:18,24:23:19,3.43,9.62,2026-02-16
8,KANAL D ANA HABER,KANAL D,18:58:26,19:59:51,3.4,10.67,2026-02-16
9,ATV ANA HABER,ATV,19:00:05,19:59:42,3.4,10.62,2026-02-16
10,GELIN,KANAL 7,19:30:54,21:18:49,2.77,7.91,2026-02-16
1,GALATASARAY-JUVENTUS UEFA SAMPIYONLAR LIGI KARSILASMASI,TRT 1,20:33:56,22:45:46,13.78,34.35,2026-02-17
2,A.B.I.,ATV,21:00:28,24:17:16,8.37,22.24,2026-02-17
3,ESRA EROL'DA,ATV,16:21:03,18:44:28,4.93,21.4,2026-02-17
4,MUGE ANLI ILE TATLI SERT,ATV,10:00:05,12:58:16,4.79,31.99,2026-02-17
5,A.B.I. (OZET),ATV,19:59:51,21:00:28,4.58,12.59,2026-02-17
6,SELCUK TEPELI ILE NOW ANA HABER,NOW,19:00:07,20:00:04,4.05,12.89,2026-02-17
7,KISKANMAK,NOW,21:00:26,24:17:53,3.6,9.58,2026-02-17
8,ATV ANA HABER,ATV,18:59:56,19:52:29,3.16,10.07,2026-02-17
9,SHOW ANA HABER,SHOW TV,18:58:30,19:59:50,3.01,9.62,2026-02-17
10,KANAL D ANA HABER,KANAL D,18:58:26,20:00:06,2.92,9.32,2026-02-17
1,YERALTI,NOW,20:56:24,24:18:41,7.36,19.44,2026-02-18
2,ESREF RUYA,KANAL D,20:59:56,23:50:33,7.1,18.26,2026-02-18
3,SAHIPSIZLER,STAR TV,20:42:30,24:16:46,5.23,13.87,2026-02-18
4,ESRA EROL'DA,ATV,16:21:04,18:44:55,5.0,21.27,2026-02-18
5,MUGE ANLI ILE TATLI SERT,ATV,09:59:58,12:56:31,4.87,32.32,2026-02-18
6,YERALTI (OZET),NOW,20:00:18,20:56:09,4.77,13.45,2026-02-18
7,ESREF RUYA (OZET),KANAL D,20:00:57,20:59:45,4.17,11.72,2026-02-18
8,SELCUK TEPELI ILE NOW ANA HABER,NOW,19:00:05,20:00:08,4.02,12.76,2026-02-18
9,ATV ANA HABER,ATV,18:59:57,19:50:37,3.71,11.83,2026-02-18
10,KURULUS ORHAN,ATV,20:42:10,24:18:15,3.57,9.35,2026-02-18
1,FENERBAHCE-NOTTINGHAM FOREST UEFA AVRUPA LIGI KARSILASMASI,TRT 1,20:34:04,22:43:18,9.9,24.56,2026-02-19
2,SEVDIGIM SENSIN,STAR TV,20:35:17,23:16:10,7.6,18.86,2026-02-19
3,HALEF KOKLERIN CAGRISI,NOW,20:50:32,24:17:33,6.48,16.94,2026-02-19
4,ESRA EROL'DA,ATV,16:21:14,18:29:49,5.27,22.2,2026-02-19
5,MUGE ANLI ILE TATLI SERT,ATV,10:00:06,12:59:46,4.01,32.27,2026-02-19
6,PROF. DR. NIHAT HATIPOGLU ILE IFTAR,ATV,18:30:14,19:34:56,4.0,12.32,2026-02-19
7,HALEF KOKLERIN CAGRISI (OZET),NOW,20:00:22,20:50:17,3.94,11.17,2026-02-19
8,SELCUK TEPELI ILE NOW ANA HABER,NOW,19:00:07,20:00:12,3.8,11.36,2026-02-19
9,SEVDIGIM SENSIN (OZET),STAR TV,19:59:10,20:35:17,3.19,9.26,2026-02-19
10,SHOW ANA HABER,SHOW TV,18:58:38,19:59:54,3.03,9.07,2026-02-19
1,TASACAK BU DENIZ,TRT 1,20:58:27,24:19:35,14.41,35.75,2026-02-20
2,TASACAK BU DENIZ (OZET),TRT 1,20:00:49,20:58:27,6.98,19.72,2026-02-20
3,KIZILCIK SERBETI,SHOW TV,21:01:26,24:18:11,6.44,15.95,2026-02-20
4,ESRA EROL'DA,ATV,16:21:03,18:29:51,5.21,22.5,2026-02-20
5,ARKA SOKAKLAR,KANAL D,20:58:50,24:15:45,5.05,12.64,2026-02-20
6,MUGE ANLI ILE TATLI SERT,ATV,10:00:01,12:59:38,4.23,34.25,2026-02-20
7,PROF. DR. NIHAT HATIPOGLU ILE IFTAR,ATV,18:30:16,19:34:53,4.04,12.57,2026-02-20
8,SELCUK TEPELI ILE NOW ANA HABER,NOW,19:00:08,19:59:59,3.96,11.91,2026-02-20
9,KIZILCIK SERBETI (OZET),SHOW TV,20:00:16,21:01:26,3.65,10.29,2026-02-20
10,IDDIALARIN AKSINE,TRT 1,19:57:01,20:00:36,3.2,9.64,2026-02-20
1,GULLER VE GUNAHLAR,KANAL D,21:00:40,24:17:42,8.34,22.39,2026-02-21
2,GONUL DAGI,TRT 1,20:57:14,24:21:32,5.75,15.59,2026-02-21
3,GULLER VE GUNAHLAR (OZET),KANAL D,20:00:48,21:00:29,4.13,11.91,2026-02-21
4,SURVIVOR,TV8,20:25:32,24:22:10,3.65,10.12,2026-02-21
5,OZAN GUNDOGDU ILE NOW ANA HABER HAFTA SONU,NOW,19:00:08,19:59:57,3.24,9.8,2026-02-21
6,SHOW ANA HABER,SHOW TV,18:58:15,20:00:02,3.18,9.61,2026-02-21
7,RAMAZAN SEVINCI,TRT 1,17:45:14,19:11:21,2.94,10.0,2026-02-21
8,GONUL DAGI (OZET),TRT 1,20:00:31,20:57:14,2.68,7.74,2026-02-21
9,ANA HABER,TRT 1,19:11:35,20:00:18,2.61,7.79,2026-02-21
10,GULDUR GULDUR SHOW OZET,SHOW TV,20:00:13,20:44:11,2.52,7.38,2026-02-21
1,TESKILAT,TRT 1,20:57:03,24:10:45,6.57,18.69,2026-02-22
2,SURVIVOR,TV8,20:30:45,24:23:13,3.94,11.54,2026-02-22
3,OZAN GUNDOGDU ILE NOW ANA HABER HAFTA SONU,NOW,19:00:08,20:00:21,3.63,10.94,2026-02-22
4,SAHTEKARLAR,NOW,21:00:42,24:18:17,3.41,9.76,2026-02-22
5,TESKILAT (OZET),TRT 1,20:00:07,20:57:03,3.2,9.32,2026-02-22
6,SHOW ANA HABER,SHOW TV,18:58:17,20:00:01,3.11,9.33,2026-02-22
7,RAMAZAN SEVINCI,TRT 1,17:45:21,19:10:29,2.98,9.56,2026-02-22
8,PROF. DR. NIHAT HATIPOGLU ILE IFTAR,ATV,18:00:04,19:34:26,2.76,8.62,2026-02-22
9,ANA HABER,TRT 1,19:10:43,19:59:54,2.69,8.04,2026-02-22
10,GELIN,KANAL 7,20:00:28,21:28:19,2.6,7.55,2026-02-22
1,UZAK SEHIR,KANAL D,21:00:11,24:16:11,14.18,37.63,2026-02-23
2,UZAK SEHIR (OZET),KANAL D,20:00:50,21:00:00,6.82,19.07,2026-02-23
3,ESRA EROL'DA,ATV,16:21:01,18:32:13,5.28,22.9,2026-02-23
4,MUGE ANLI ILE TATLI SERT,ATV,10:00:06,13:00:08,4.05,33.01,2026-02-23
5,PROF. DR. NIHAT HATIPOGLU ILE IFTAR,ATV,18:32:38,19:34:51,3.66,11.68,2026-02-23
6,SELCUK TEPELI ILE NOW ANA HABER,NOW,19:00:07,19:59:34,3.58,11.06,2026-02-23
7,CENNETIN COCUKLARI,TRT 1,20:59:50,23:33:08,3.45,8.91,2026-02-23
8,SURVIVOR,TV8,20:30:40,24:30:11,3.31,9.3,2026-02-23
9,SHOW ANA HABER,SHOW TV,18:58:26,19:59:54,3.19,9.85,2026-02-23
10,ATV ANA HABER,ATV,19:35:00,19:59:06,2.56,7.71,2026-02-23
1,A.B.I.,ATV,20:37:53,24:17:39,8.07,22.35,2026-02-24
2,ESRA EROL'DA,ATV,16:21:08,18:32:23,5.22,22.29,2026-02-24
3,A.B.I. (OZET),ATV,19:59:36,20:37:53,4.99,14.52,2026-02-24
4,MEHMED FETIHLER SULTANI,TRT 1,20:58:02,23:54:00,4.44,12.13,2026-02-24
5,SELCUK TEPELI ILE NOW ANA HABER,NOW,19:00:08,20:00:11,4.2,12.47,2026-02-24
6,MUGE ANLI ILE TATLI SERT,ATV,10:00:04,12:59:40,4.12,34.16,2026-02-24
7,KISKANMAK,NOW,20:48:10,24:18:24,4.08,11.41,2026-02-24
8,PROF. DR. NIHAT HATIPOGLU ILE IFTAR,ATV,18:32:43,19:34:53,4.04,12.35,2026-02-24
9,SURVIVOR,TV8,20:31:12,24:23:14,3.84,11.09,2026-02-24
10,ATV ANA HABER,ATV,19:35:03,19:56:59,3.59,10.46,2026-02-24
1,JUVENTUS-GALATASARAY UEFA SAMPIYONLAR LIGI KARSILASMASI,TRT 1,22:49:43,25:44:04,12.95,44.14,2026-02-25
2,YERALTI,NOW,20:50:17,23:43:22,7.14,17.67,2026-02-25
3,ESREF RUYA,KANAL D,20:00:45,23:18:47,6.88,17.38,2026-02-25
4,ESRA EROL'DA,ATV,16:21:06,18:32:11,5.62,22.72,2026-02-25
5,SAHIPSIZLER,STAR TV,20:46:16,23:42:41,5.01,12.37,2026-02-25
6,SELCUK TEPELI ILE NOW ANA HABER,NOW,19:00:08,20:00:10,4.19,12.71,2026-02-25
7,YERALTI (OZET),NOW,20:00:20,20:50:02,4.13,11.64,2026-02-25
8,MUGE ANLI ILE TATLI SERT,ATV,10:00:03,12:58:52,4.05,32.79,2026-02-25
9,PROF. DR. NIHAT HATIPOGLU ILE IFTAR,ATV,18:32:31,19:34:56,3.62,11.3,2026-02-25
10,SURVIVOR,TV8,20:36:16,24:20:45,3.36,8.72,2026-02-25
1,SEVDIGIM SENSIN,STAR TV,21:00:17,23:34:24,9.57,24.08,2026-02-26
2,NOTTINGHAM FOREST-FENERBAHCE UEFA AVRUPA LIGI KARSILASMASI,TRT 1,22:49:55,25:04:48,8.77,28.57,2026-02-26
3,HALEF KOKLERIN CAGRISI,NOW,20:47:36,24:17:19,5.83,15.05,2026-02-26
4,ESRA EROL'DA,ATV,16:21:00,18:31:58,5.55,22.39,2026-02-26
5,SEVDIGIM SENSIN (OZET),STAR TV,19:59:45,21:00:17,4.8,13.4,2026-02-26
6,SELCUK TEPELI ILE NOW ANA HABER,NOW,19:00:06,20:00:07,4.17,12.36,2026-02-26
7,MUGE ANLI ILE TATLI SERT,ATV,09:59:58,12:58:09,4.09,30.73,2026-02-26
8,PROF. DR. NIHAT HATIPOGLU ILE IFTAR,ATV,18:32:23,19:35:07,3.81,11.67,2026-02-26
9,HALEF KOKLERIN CAGRISI (OZET),NOW,20:00:17,20:47:21,3.64,10.18,2026-02-26
10,SAMSUNSPOR-SKENDIYA UEFA AVRUPA KONFERANS LIGI KARSILASMASI,TRT 1,20:35:13,22:43:36,3.58,9.1,2026-02-26
1,KIZILCIK SERBETI,SHOW TV,21:00:02,24:17:52,7.89,20.78,2026-02-27
2,ARKA SOKAKLAR,KANAL D,20:54:50,24:18:06,6.41,17.14,2026-02-27
3,ESRA EROL'DA,ATV,16:21:18,18:32:28,5.46,21.64,2026-02-27
4,SELCUK TEPELI ILE NOW ANA HABER,NOW,19:00:05,20:00:07,4.08,12.54,2026-02-27
5,MUGE ANLI ILE TATLI SERT,ATV,10:00:06,12:59:56,3.9,30.7,2026-02-27
6,KIZILCIK SERBETI (OZET),SHOW TV,20:00:09,21:00:02,3.58,10.12,2026-02-27
7,ARKA SOKAKLAR (OZET),KANAL D,20:00:58,20:54:39,3.57,10.15,2026-02-27
8,SHOW ANA HABER,SHOW TV,19:00:29,19:59:58,3.29,10.11,2026-02-27
9,PROF. DR. NIHAT HATIPOGLU ILE IFTAR,ATV,18:32:48,19:34:56,3.11,9.79,2026-02-27
10,SIRBISTAN-TURKIYE FIBA ERKEKLER BASKETBOL DUNYA KUPASI AVRUPA ELEMELERI KARSILASMASI,TRT 1,20:51:34,23:12:32,2.99,7.64,2026-02-27
1,GULLER VE GUNAHLAR,KANAL D,20:59:59,23:48:39,8.32,21.81,2026-02-28
2,GONUL DAGI,TRT 1,20:43:02,24:12:17,5.63,15.03,2026-02-28
3,GULLER VE GUNAHLAR (OZET),KANAL D,20:00:49,20:59:48,4.25,11.99,2026-02-28
4,SURVIVOR,TV8,20:20:06,24:18:45,4.01,11.06,2026-02-28
5,OZAN GUNDOGDU ILE NOW ANA HABER HAFTA SONU,NOW,19:00:08,20:00:17,3.56,10.84,2026-02-28
6,GONUL DAGI (OZET),TRT 1,19:59:20,20:43:02,2.68,7.67,2026-02-28
7,PROF. DR. NIHAT HATIPOGLU ILE IFTAR,ATV,17:44:36,19:35:15,2.44,7.91,2026-02-28
8,SHOW ANA HABER,SHOW TV,18:57:28,20:00:05,2.4,7.35,2026-02-28
9,GELIN,KANAL 7,20:00:43,21:24:22,2.36,6.67,2026-02-28
10,ATV ANA HABER,ATV,19:35:25,19:59:37,2.19,6.45,2026-02-28
1,TESKILAT,TRT 1,20:57:54,23:55:29,6.46,17.44,2026-03-01
2,OZAN GUNDOGDU ILE NOW ANA HABER HAFTA SONU,NOW,19:00:08,20:00:04,3.87,11.59,2026-03-01
3,SAHTEKARLAR,NOW,21:00:19,24:17:38,3.57,9.85,2026-03-01
4,SURVIVOR,TV8,20:22:51,24:28:39,3.48,10.08,2026-03-01
5,TESKILAT (OZET),TRT 1,19:59:59,20:57:54,2.75,7.75,2026-03-01
6,ANA HABER,TRT 1,19:15:42,19:59:46,2.59,7.63,2026-03-01
7,SAHTEKARLAR (OZET),NOW,20:00:09,21:00:14,2.47,6.96,2026-03-01
8,GELIN,KANAL 7,20:00:39,21:23:23,2.38,6.74,2026-03-01
9,SHOW ANA HABER,SHOW TV,18:58:10,19:59:56,2.33,6.98,2026-03-01
10,RAMAZAN SEVINCI,TRT 1,17:45:02,19:15:31,2.31,7.67,2026-03-01
1,UZAK SEHIR,KANAL D,20:59:51,24:16:27,15.37,40.64,2026-03-02
2,UZAK SEHIR (OZET),KANAL D,20:00:44,20:59:40,7.77,21.73,2026-03-02
3,ESRA EROL'DA,ATV,16:21:14,18:37:07,4.94,20.86,2026-03-02
4,SELCUK TEPELI ILE NOW ANA HABER,NOW,19:00:08,20:00:18,3.89,11.4,2026-03-02
5,MUGE ANLI ILE TATLI SERT,ATV,10:00:08,13:00:00,3.74,29.98,2026-03-02
6,PROF. DR. NIHAT HATIPOGLU ILE IFTAR,ATV,18:37:27,19:34:46,3.26,9.93,2026-03-02
7,SURVIVOR,TV8,20:48:37,24:25:18,3.19,8.71,2026-03-02
8,ATV ANA HABER,ATV,19:34:55,19:59:32,2.85,8.21,2026-03-02
9,GELIN,KANAL 7,20:00:15,21:23:51,2.59,7.26,2026-03-02
10,SHOW ANA HABER,SHOW TV,18:58:43,20:00:02,2.54,7.49,2026-03-02
1,A.B.I.,ATV,20:45:36,24:15:53,7.66,20.53,2026-03-03
2,ESRA EROL'DA,ATV,16:21:11,18:37:05,5.31,22.34,2026-03-03
3,SELCUK TEPELI ILE NOW ANA HABER,NOW,19:00:08,19:59:50,4.2,12.8,2026-03-03
4,MEHMED FETIHLER SULTANI,TRT 1,20:58:00,23:50:57,4.15,10.96,2026-03-03
5,MUGE ANLI ILE TATLI SERT,ATV,10:00:02,12:59:56,4.0,30.48,2026-03-03
6,KISKANMAK,NOW,20:54:07,24:18:51,3.78,10.16,2026-03-03
7,A.B.I. (OZET),ATV,19:59:50,20:45:36,3.77,10.89,2026-03-03
8,PROF. DR. NIHAT HATIPOGLU ILE IFTAR,ATV,18:37:27,19:34:56,3.18,9.94,2026-03-03
9,ATV ANA HABER,ATV,19:35:06,19:59:40,3.09,9.13,2026-03-03
10,SURVIVOR,TV8,20:51:16,24:26:10,3.08,8.66,2026-03-03
1,YERALTI,NOW,20:55:23,24:18:58,6.86,17.49,2026-03-04
2,ESREF RUYA,KANAL D,20:44:48,24:15:50,5.96,15.18,2026-03-04
3,SAHIPSIZLER,STAR TV,21:02:04,24:16:14,5.35,13.71,2026-03-04
4,ESRA EROL'DA,ATV,16:21:07,18:37:03,5.32,22.29,2026-03-04
5,GAZIANTEP FK-FENERBAHCE ZIRAAT TURKIYE KUPASI KARSILASMASI,ATV,20:20:40,23:45:16,4.99,12.63,2026-03-04
6,MUGE ANLI ILE TATLI SERT,ATV,09:59:54,12:59:30,4.38,31.94,2026-03-04
7,SELCUK TEPELI ILE NOW ANA HABER,NOW,19:00:08,20:00:12,4.1,12.29,2026-03-04
8,YERALTI (OZET),NOW,20:00:22,20:55:08,3.83,10.29,2026-03-04
9,ESREF RUYA (OZET),KANAL D,20:00:43,20:44:37,3.42,9.31,2026-03-04
10,SAHIPSIZLER (OZET),STAR TV,19:59:53,21:02:04,3.41,9.12,2026-03-04
1,SEVDIGIM SENSIN,STAR TV,20:44:24,23:35:22,8.62,23.14,2026-03-05
2,HALEF KOKLERIN CAGRISI,NOW,20:59:12,24:17:08,5.44,15.03,2026-03-05
3,ESRA EROL'DA,ATV,16:21:07,18:37:02,5.11,22.63,2026-03-05
4,MUGE ANLI ILE TATLI SERT,ATV,10:00:07,12:59:52,4.3,33.83,2026-03-05
5,SELCUK TEPELI ILE NOW ANA HABER,NOW,19:00:07,20:00:13,4.03,12.82,2026-03-05
6,SEVDIGIM SENSIN (OZET),STAR TV,20:00:16,20:44:24,3.51,10.68,2026-03-05
7,HALEF KOKLERIN CAGRISI (OZET),NOW,20:00:23,20:58:58,3.39,10.16,2026-03-05
8,PROF. DR. NIHAT HATIPOGLU ILE IFTAR,ATV,18:37:27,19:34:53,3.35,10.95,2026-03-05
9,ATV ANA HABER,ATV,19:35:03,19:59:38,3.11,9.73,2026-03-05
10,SURVIVOR,TV8,20:47:45,24:24:36,3.01,8.61,2026-03-05
1,TASACAK BU DENIZ,TRT 1,20:57:40,24:11:21,15.21,37.95,2026-03-06
2,TASACAK BU DENIZ (OZET),TRT 1,19:59:44,20:57:40,6.73,19.49,2026-03-06
3,KIZILCIK SERBETI,SHOW TV,20:59:49,24:17:13,5.99,14.86,2026-03-06
4,ARKA SOKAKLAR,KANAL D,21:00:07,24:16:34,4.76,11.91,2026-03-06
5,ESRA EROL'DA,ATV,16:21:13,18:37:26,4.65,20.16,2026-03-06
6,MUGE ANLI ILE TATLI SERT,ATV,10:00:00,12:59:54,4.07,32.58,2026-03-06
7,SELCUK TEPELI ILE NOW ANA HABER,NOW,19:00:08,20:00:11,3.54,11.26,2026-03-06
8,IDDIALARIN AKSINE,TRT 1,19:56:18,19:59:31,3.1,9.43,2026-03-06
9,ARKA SOKAKLAR (OZET),KANAL D,20:00:46,20:59:56,2.98,8.61,2026-03-06
10,PROF. DR. NIHAT HATIPOGLU ILE IFTAR,ATV,18:37:51,19:34:33,2.94,9.72,2026-03-06
1,GULLER VE GUNAHLAR,KANAL D,21:00:41,24:17:03,7.25,19.62,2026-03-07
2,GONUL DAGI,TRT 1,21:00:20,23:59:01,5.15,13.97,2026-03-07
3,GULLER VE GUNAHLAR (OZET),KANAL D,20:00:55,21:00:29,3.88,11.28,2026-03-07
4,OZAN GUNDOGDU ILE NOW ANA HABER HAFTA SONU,NOW,19:00:08,20:00:02,3.31,10.77,2026-03-07
5,SURVIVOR,TV8,20:40:57,24:22:20,3.13,8.74,2026-03-07
6,SHOW ANA HABER,SHOW TV,18:58:20,19:59:46,2.51,8.24,2026-03-07
7,GONUL DAGI (OZET),TRT 1,20:00:43,21:00:20,2.47,7.19,2026-03-07
8,ANA HABER,TRT 1,19:23:32,20:00:30,2.18,6.92,2026-03-07
9,SAHTEKARLAR,NOW,20:57:14,24:17:40,2.06,5.62,2026-03-07
10,GELIN,KANAL 7,19:59:53,21:23:39,2.01,5.85,2026-03-07
1,TESKILAT,TRT 1,20:59:07,23:53:27,5.93,16.86,2026-03-08
2,SURVIVOR,TV8,20:22:59,24:31:16,4.25,12.89,2026-03-08
3,OZAN GUNDOGDU ILE NOW ANA HABER HAFTA SONU,NOW,19:00:08,20:00:16,3.86,12.49,2026-03-08
4,DOKTOR BASKA HAYATTA,NOW,20:00:21,22:39:42,3.34,9.55,2026-03-08
5,TESKILAT (OZET),TRT 1,20:01:03,20:59:07,2.53,7.54,2026-03-08
6,GELIN,KANAL 7,20:00:11,21:25:10,2.44,7.26,2026-03-08
7,AYNI YAGMUR ALTINDA,ATV,20:40:49,24:17:09,2.36,6.85,2026-03-08
8,SHOW ANA HABER,SHOW TV,18:58:37,19:59:57,2.3,7.49,2026-03-08
9,ATV ANA HABER,ATV,19:35:04,19:59:36,2.25,7.08,2026-03-08
10,RAMAZAN SEVINCI,TRT 1,17:45:12,19:26:11,2.03,7.43,2026-03-08
1,UZAK SEHIR,KANAL D,20:59:56,24:15:56,14.26,38.91,2026-03-09
2,UZAK SEHIR (OZET),KANAL D,20:00:50,20:59:45,6.79,19.36,2026-03-09
3,ESRA EROL'DA,ATV,16:21:21,18:39:46,4.81,21.11,2026-03-09
4,MUGE ANLI ILE TATLI SERT,ATV,10:00:06,12:59:49,4.03,32.44,2026-03-09
5,SELCUK TEPELI ILE NOW ANA HABER,NOW,19:00:06,20:00:19,3.83,11.84,2026-03-09
6,CENNETIN COCUKLARI,TRT 1,20:58:24,23:41:32,3.49,9.28,2026-03-09
7,PROF. DR. NIHAT HATIPOGLU ILE IFTAR,ATV,18:40:06,19:39:27,3.37,10.74,2026-03-09
8,SURVIVOR,TV8,20:43:27,24:29:03,3.12,9.0,2026-03-09
9,SHOW ANA HABER,SHOW TV,18:58:06,20:00:07,2.81,8.72,2026-03-09
10,ATV ANA HABER,ATV,19:39:37,19:59:28,2.67,7.97,2026-03-09
1,GALATASARAY-LIVERPOOL UEFA SAMPIYONLAR LIGI KARSILASMASI,TRT 1,20:34:17,22:46:30,15.0,38.1,2026-03-10
2,A.B.I.,ATV,20:59:52,24:16:12,7.23,19.38,2026-03-10
3,ESRA EROL'DA,ATV,16:21:14,18:40:11,4.69,21.23,2026-03-10
4,MUGE ANLI ILE TATLI SERT,ATV,10:00:06,13:00:05,4.07,33.0,2026-03-10
5,UEFA SAMPIYONLAR LIGI MAC OZEL,TRT 1,22:46:38,23:28:43,4.0,11.42,2026-03-10
6,SELCUK TEPELI ILE NOW ANA HABER,NOW,19:00:08,20:00:00,3.5,11.03,2026-03-10
7,A.B.I. (OZET),ATV,19:59:45,20:59:52,3.47,9.88,2026-03-10
8,SURVIVOR,TV8,20:40:47,24:30:24,3.24,9.18,2026-03-10
9,PROF. DR. NIHAT HATIPOGLU ILE IFTAR,ATV,18:40:32,19:39:50,3.22,10.42,2026-03-10
10,ATV ANA HABER,ATV,19:39:59,19:59:35,2.79,8.54,2026-03-10
1,YERALTI,NOW,20:56:51,24:18:42,8.3,22.79,2026-03-11
2,ESREF RUYA,KANAL D,20:59:49,24:18:38,5.98,16.41,2026-03-11
3,YERALTI (OZET),NOW,20:00:37,20:56:36,5.26,15.43,2026-03-11
4,ESRA EROL'DA,ATV,16:20:55,18:39:54,4.6,21.12,2026-03-11
5,SURVIVOR,TV8,20:48:24,24:25:43,4.07,11.58,2026-03-11
6,MUGE ANLI ILE TATLI SERT,ATV,10:00:03,12:59:55,3.91,31.77,2026-03-11
7,SELCUK TEPELI ILE NOW ANA HABER,NOW,19:00:07,20:00:27,3.89,12.5,2026-03-11
8,ESREF RUYA (OZET),KANAL D,20:00:47,20:59:38,3.51,10.29,2026-03-11
9,KURULUS ORHAN,ATV,20:46:23,24:16:24,3.42,9.38,2026-03-11
10,PROF. DR. NIHAT HATIPOGLU ILE IFTAR,ATV,18:40:15,19:39:56,3.08,10.16,2026-03-11
1,SEVDIGIM SENSIN,STAR TV,20:58:18,23:42:11,8.58,22.65,2026-03-12
2,HALEF KOKLERIN CAGRISI,NOW,20:56:52,24:18:06,6.38,17.33,2026-03-12
3,ESRA EROL'DA,ATV,16:21:10,18:40:06,4.38,20.05,2026-03-12
4,SEVDIGIM SENSIN (OZET),STAR TV,20:00:20,20:58:18,4.17,12.36,2026-03-12
5,MUGE ANLI ILE TATLI SERT,ATV,10:00:00,12:59:56,3.91,32.24,2026-03-12
6,SAMSUNSPOR-RAYO VALLECANO UEFA AVRUPA KONFERANS LIGI KARSILASMASI,TRT 1,20:34:25,22:50:02,3.8,10.17,2026-03-12
7,SELCUK TEPELI ILE NOW ANA HABER,NOW,19:00:08,20:00:11,3.74,11.66,2026-03-12
8,HALEF KOKLERIN CAGRISI (OZET),NOW,20:00:21,20:56:37,3.44,10.23,2026-03-12
9,SURVIVOR,TV8,20:46:00,24:23:52,3.22,9.11,2026-03-12
10,PROF. DR. NIHAT HATIPOGLU ILE IFTAR,ATV,18:40:26,19:39:25,2.95,9.41,2026-03-12
1,TASACAK BU DENIZ,TRT 1,20:53:23,24:11:09,12.81,32.34,2026-03-13
2,KIZILCIK SERBETI,SHOW TV,21:00:13,24:17:31,6.26,15.68,2026-03-13
3,TASACAK BU DENIZ (OZET),TRT 1,20:00:15,20:53:23,5.42,15.5,2026-03-13
4,ARKA SOKAKLAR,KANAL D,21:00:08,24:17:24,5.09,12.82,2026-03-13
5,ESRA EROL'DA,ATV,16:21:15,18:40:18,4.21,19.44,2026-03-13
6,MUGE ANLI ILE TATLI SERT,ATV,10:00:06,12:59:49,3.73,30.47,2026-03-13
7,SELCUK TEPELI ILE NOW ANA HABER,NOW,19:00:07,20:00:26,3.55,11.44,2026-03-13
8,KIZILCIK SERBETI (OZET),SHOW TV,19:59:57,21:00:13,3.13,8.91,2026-03-13
9,PROF. DR. NIHAT HATIPOGLU ILE IFTAR,ATV,18:40:39,19:39:56,2.91,9.69,2026-03-13
10,ARKA SOKAKLAR (OZET),KANAL D,20:00:46,20:59:57,2.91,8.26,2026-03-13
1,GULLER VE GUNAHLAR,KANAL D,21:00:04,24:17:44,6.93,19.52,2026-03-14
2,GONUL DAGI,TRT 1,20:58:46,24:01:27,5.05,14.23,2026-03-14
3,GULLER VE GUNAHLAR (OZET),KANAL D,20:01:07,20:59:53,3.74,11.14,2026-03-14
4,SURVIVOR,TV8,20:17:38,24:26:36,3.57,10.45,2026-03-14
5,OZAN GUNDOGDU ILE NOW ANA HABER HAFTA SONU,NOW,19:00:08,19:59:58,3.25,10.54,2026-03-14
6,GELIN,KANAL 7,19:59:59,21:24:45,2.63,7.87,2026-03-14
7,GONUL DAGI (OZET),TRT 1,19:59:45,20:58:46,2.5,7.44,2026-03-14
8,SAHTEKARLAR,NOW,21:00:03,24:17:40,2.44,6.94,2026-03-14
9,SHOW ANA HABER,SHOW TV,18:58:27,20:00:03,2.41,7.85,2026-03-14
10,ATV ANA HABER,ATV,19:40:00,19:59:42,2.38,7.59,2026-03-14
1,TESKILAT,TRT 1,20:57:58,24:00:46,5.79,16.53,2026-03-15
2,SURVIVOR,TV8,20:38:22,24:22:40,4.13,12.21,2026-03-15
3,OZAN GUNDOGDU ILE NOW ANA HABER HAFTA SONU,NOW,19:00:08,20:00:03,4.03,12.75,2026-03-15
4,DOKTOR BASKA HAYATTA,NOW,20:27:16,23:18:09,3.26,9.26,2026-03-15
5,SEVDIGIM SENSIN (TKR),STAR TV,20:00:23,22:59:56,2.66,7.59,2026-03-15
6,SHOW ANA HABER,SHOW TV,18:58:24,19:59:34,2.6,8.24,2026-03-15
7,GELIN,KANAL 7,20:00:38,21:25:27,2.52,7.57,2026-03-15
8,DOKTOR BASKA HAYATTA (OZET),NOW,20:00:08,20:27:11,2.25,6.78,2026-03-15
9,TESKILAT (OZET),TRT 1,20:00:02,20:57:58,2.17,6.54,2026-03-15
10,ATV ANA HABER,ATV,19:40:03,19:59:33,2.13,6.65,2026-03-15
1,UZAK SEHIR (TKR),KANAL D,21:12:27,24:22:16,4.78,14.73,2026-03-16
2,ESRA EROL'DA,ATV,16:21:02,18:40:18,4.25,18.98,2026-03-16
3,SURVIVOR,TV8,20:25:23,24:28:36,4.21,13.38,2026-03-16
4,MUGE ANLI ILE TATLI SERT,ATV,10:00:15,13:00:00,3.68,27.6,2026-03-16
5,SELCUK TEPELI ILE NOW ANA HABER,NOW,19:00:06,20:00:04,3.19,10.32,2026-03-16
6,CUMHURBASKANLIGI KULLIYESI BESTEPE MILLET CAMII KADIR GECESI OZEL,KANAL D,19:34:11,21:12:08,2.72,8.76,2026-03-16
7,ATV ANA HABER,ATV,19:40:06,19:58:12,2.63,8.55,2026-03-16
8,KADIR GECESI DUA,KANAL 7,20:44:49,21:25:46,2.59,8.19,2026-03-16
9,PROF. DR. NIHAT HATIPOGLU ILE IFTAR,ATV,18:40:38,19:39:56,2.57,8.36,2026-03-16
10,RAMAZAN SEVINCI,TRT 1,17:45:28,19:35:05,2.33,8.33,2026-03-16
1,A.B.I.,ATV,21:00:05,24:17:33,7.05,19.65,2026-03-17
2,ESRA EROL'DA,ATV,16:21:14,18:40:17,4.45,20.52,2026-03-17
3,A.B.I. (OZET),ATV,19:59:41,21:00:05,4.14,12.01,2026-03-17
4,MUGE ANLI ILE TATLI SERT,ATV,10:00:15,12:59:54,3.84,28.99,2026-03-17
5,KISKANMAK,NOW,21:01:01,24:17:45,3.82,10.72,2026-03-17
6,MEHMED FETIHLER SULTANI,TRT 1,20:58:00,23:46:21,3.8,10.42,2026-03-17
7,SURVIVOR,TV8,20:26:26,24:17:34,3.73,10.63,2026-03-17
8,ATV ANA HABER,ATV,19:40:18,19:59:31,3.23,9.84,2026-03-17
9,SELCUK TEPELI ILE NOW ANA HABER,NOW,19:00:07,19:59:59,3.21,10.09,2026-03-17
10,PROF. DR. NIHAT HATIPOGLU ILE IFTAR,ATV,18:40:37,19:40:08,2.74,8.9,2026-03-17
1,LIVERPOOL-GALATASARAY UEFA SAMPIYONLAR LIGI KARSILASMASI,TRT 1,22:49:14,25:04:39,13.98,40.06,2026-03-18
2,YERALTI,NOW,20:57:37,24:18:52,6.78,17.63,2026-03-18
3,ESREF RUYA,KANAL D,20:59:51,24:18:43,5.46,14.14,2026-03-18
4,ESRA EROL'DA,ATV,16:21:16,18:40:08,4.33,19.71,2026-03-18
5,YERALTI (OZET),NOW,20:00:15,20:57:22,4.28,12.7,2026-03-18
6,MUGE ANLI ILE TATLI SERT,ATV,10:00:07,12:59:58,3.68,27.45,2026-03-18
7,SELCUK TEPELI ILE NOW ANA HABER,NOW,19:00:06,20:00:05,3.6,11.51,2026-03-18
8,ESREF RUYA (OZET),KANAL D,20:00:38,20:59:40,3.5,10.36,2026-03-18
9,KURULUS ORHAN,ATV,20:40:50,24:17:19,3.44,9.02,2026-03-18
10,SURVIVOR,TV8,20:44:46,24:30:12,3.36,8.9,2026-03-18
1,SEVDIGIM SENSIN,STAR TV,20:59:02,23:59:58,8.73,24.47,2026-03-19
2,HALEF KOKLERIN CAGRISI,NOW,20:51:18,24:17:42,5.19,14.66,2026-03-19
3,SEVDIGIM SENSIN (OZET),STAR TV,20:00:06,20:59:02,4.08,11.77,2026-03-19
4,ESRA EROL'DA,ATV,16:21:09,18:40:39,3.9,16.0,2026-03-19
5,SELCUK TEPELI ILE NOW ANA HABER,NOW,19:00:08,20:00:11,3.6,11.18,2026-03-19
6,MUGE ANLI ILE TATLI SERT,ATV,10:00:05,12:59:56,3.56,25.82,2026-03-19
7,HALEF KOKLERIN CAGRISI (OZET),NOW,20:00:21,20:51:03,3.27,9.45,2026-03-19
8,SURVIVOR,TV8,20:28:01,24:25:44,3.2,9.3,2026-03-19
9,RAYO VALLECANO-SAMSUNSPOR UEFA AVRUPA KONFERANS LIGI KARSILASMASI,TRT 1,22:51:54,25:03:22,2.83,10.21,2026-03-19
10,GELIN,KANAL 7,19:59:39,21:21:30,2.67,7.76,2026-03-19
1,SURVIVOR,TV8,20:36:04,24:26:49,3.82,13.27,2026-03-20
2,TASACAK BU DENIZ (TKR),TRT 1,20:00:09,23:12:20,3.65,12.49,2026-03-20
3,ESRA EROL'DA,ATV,16:18:30,18:45:08,3.13,15.57,2026-03-20
4,SELCUK TEPELI ILE NOW ANA HABER,NOW,19:00:08,20:00:03,2.91,11.51,2026-03-20
5,ATV ANA HABER,ATV,19:00:06,19:55:05,2.19,8.67,2026-03-20
6,RECEP IVEDIK 3 (T.S),NOW,20:15:23,22:17:57,2.03,7.14,2026-03-20
7,GELIN,KANAL 7,19:38:13,21:18:07,1.87,6.85,2026-03-20
8,SARKILAR BIZI SOYLER (TKR),KANAL D,20:01:03,24:16:35,1.81,6.23,2026-03-20
9,KANAL D ANA HABER,KANAL D,18:58:29,20:00:06,1.81,7.12,2026-03-20
10,SHOW ANA HABER,SHOW TV,18:58:25,19:59:49,1.77,7.03,2026-03-20
1,GONUL DAGI,TRT 1,20:58:34,23:58:21,5.1,16.32,2026-03-21
2,SURVIVOR,TV8,20:56:35,24:29:25,4.35,14.34,2026-03-21
3,OZAN GUNDOGDU ILE NOW ANA HABER HAFTA SONU,NOW,19:00:08,20:00:05,3.65,14.25,2026-03-21
4,GULDUR GULDUR SHOW,SHOW TV,20:38:10,23:44:51,2.44,7.82,2026-03-21
5,GULDUR GULDUR SHOW OZET,SHOW TV,19:59:56,20:38:10,2.34,8.41,2026-03-21
6,BEKCILER KRALI (T.S),NOW,20:14:42,21:48:23,2.28,7.78,2026-03-21
7,GELIN,KANAL 7,19:37:01,21:17:13,2.22,7.95,2026-03-21
8,SHOW ANA HABER,SHOW TV,18:58:24,19:59:45,2.17,8.49,2026-03-21
9,KANAL D ANA HABER,KANAL D,18:58:23,20:00:07,1.97,7.65,2026-03-21
10,GONUL DAGI (OZET),TRT 1,20:00:17,20:58:34,1.91,6.76,2026-03-21
1,TESKILAT,TRT 1,20:58:40,23:41:45,6.18,17.95,2026-03-22
2,SURVIVOR,TV8,20:40:28,24:19:01,4.12,12.48,2026-03-22
3,DOKTOR BASKA HAYATTA,NOW,20:29:42,23:03:00,3.31,9.39,2026-03-22
4,OZAN GUNDOGDU ILE NOW ANA HABER HAFTA SONU,NOW,19:00:08,19:59:48,3.02,10.26,2026-03-22
5,SEVDIGIM SENSIN (TKR),STAR TV,19:59:29,23:13:56,2.74,7.9,2026-03-22
6,GELIN,KANAL 7,19:38:49,21:17:23,2.65,7.94,2026-03-22
7,TESKILAT (OZET),TRT 1,20:00:25,20:58:40,2.58,7.53,2026-03-22
8,SHOW ANA HABER,SHOW TV,18:58:24,19:59:46,2.34,8.01,2026-03-22
9,DOKTOR BASKA HAYATTA (OZET),NOW,19:59:53,20:29:37,1.99,6.01,2026-03-22
10,KANAL D ANA HABER,KANAL D,18:58:19,20:00:11,1.94,6.57,2026-03-22
1,UZAK SEHIR,KANAL D,20:59:55,24:14:03,13.91,37.41,2026-03-23
2,UZAK SEHIR (OZET),KANAL D,20:00:24,20:59:44,7.27,19.96,2026-03-23
3,ESRA EROL'DA,ATV,16:21:24,18:46:23,4.95,21.73,2026-03-23
4,MUGE ANLI ILE TATLI SERT,ATV,10:00:05,12:59:56,4.29,28.08,2026-03-23
5,SELCUK TEPELI ILE NOW ANA HABER,NOW,19:00:08,20:00:06,3.62,11.33,2026-03-23
6,CENNETIN COCUKLARI,TRT 1,20:58:48,23:35:34,3.51,9.17,2026-03-23
7,SURVIVOR,TV8,20:48:52,24:28:01,3.33,9.5,2026-03-23
8,ATV ANA HABER,ATV,19:00:02,19:50:45,3.28,10.35,2026-03-23
9,GELIN,KANAL 7,19:40:00,21:15:13,2.9,8.14,2026-03-23
10,SHOW ANA HABER,SHOW TV,18:58:12,19:59:47,2.71,8.58,2026-03-23
1,A.B.I.,ATV,20:34:43,24:16:47,7.57,20.61,2026-03-24
2,ESRA EROL'DA,ATV,16:21:10,18:47:40,5.17,22.41,2026-03-24
3,MUGE ANLI ILE TATLI SERT,ATV,10:00:08,12:59:58,4.78,31.02,2026-03-24
4,KISKANMAK,NOW,20:59:08,23:59:48,4.34,11.81,2026-03-24
5,A.B.I. (OZET),ATV,19:59:41,20:34:43,4.15,11.38,2026-03-24
6,MEHMED FETIHLER SULTANI,TRT 1,20:57:41,23:50:22,4.08,10.95,2026-03-24
7,SELCUK TEPELI ILE NOW ANA HABER,NOW,19:00:08,20:00:05,4.08,12.41,2026-03-24
8,SURVIVOR,TV8,20:30:27,24:18:39,3.86,10.76,2026-03-24
9,ATV ANA HABER,ATV,19:00:03,19:49:16,3.49,10.71,2026-03-24
10,KISKANMAK (OZET),NOW,20:00:10,20:59:03,2.93,7.9,2026-03-24
1,YERALTI,NOW,20:58:49,23:56:24,8.62,22.83,2026-03-25
2,ESREF RUYA,KANAL D,20:59:51,24:14:53,6.51,17.46,2026-03-25
3,YERALTI (OZET),NOW,20:00:17,20:58:34,5.11,13.98,2026-03-25
4,ESRA EROL'DA,ATV,16:21:17,18:47:47,5.06,22.48,2026-03-25
5,MUGE ANLI ILE TATLI SERT,ATV,10:00:02,12:59:53,5.04,31.86,2026-03-25
6,ESREF RUYA (OZET),KANAL D,20:00:52,20:59:40,4.3,11.81,2026-03-25
7,SELCUK TEPELI ILE NOW ANA HABER,NOW,19:00:05,20:00:07,4.0,12.67,2026-03-25
8,KURULUS ORHAN,ATV,20:48:06,24:14:44,3.91,10.45,2026-03-25
9,SURVIVOR,TV8,20:50:34,24:29:55,3.88,10.93,2026-03-25
10,ATV ANA HABER,ATV,19:00:05,19:50:12,3.33,10.67,2026-03-25
1,TURKIYE-ROMANYA FIFA DUNYA KUPASI AVRUPA ELEMELERI KARSILASMASI,TV8,19:40:48,22:13:36,15.24,37.11,2026-03-26
2,SEVDIGIM SENSIN,STAR TV,20:58:13,23:59:39,9.68,24.32,2026-03-26
3,HALEF KOKLERIN CAGRISI,NOW,20:47:24,23:56:03,6.66,16.5,2026-03-26
4,MUGE ANLI ILE TATLI SERT,ATV,09:59:58,13:00:10,4.76,32.74,2026-03-26
5,ESRA EROL'DA,ATV,16:21:06,18:48:06,4.74,22.31,2026-03-26
6,SELCUK TEPELI ILE NOW ANA HABER,NOW,19:00:08,19:59:57,3.99,12.79,2026-03-26
7,SEVDIGIM SENSIN (OZET),STAR TV,20:00:01,20:58:13,3.78,9.43,2026-03-26
8,ATV ANA HABER,ATV,19:00:07,19:51:53,3.33,10.88,2026-03-26
9,MILLI MACIN ARDINDAN,TV8,22:13:46,22:42:01,3.19,7.75,2026-03-26
10,HALEF KOKLERIN CAGRISI (OZET),NOW,20:00:07,20:47:09,3.15,7.89,2026-03-26
1,TASACAK BU DENIZ,TRT 1,20:59:59,23:48:58,14.14,35.57,2026-03-27
2,TASACAK BU DENIZ (OZET),TRT 1,20:00:40,20:59:59,7.02,19.76,2026-03-27
3,KIZILCIK SERBETI,SHOW TV,21:00:06,24:19:19,6.7,17.08,2026-03-27
4,ESRA EROL'DA,ATV,16:21:14,18:50:22,4.66,22.37,2026-03-27
5,MUGE ANLI ILE TATLI SERT,ATV,10:00:06,12:59:56,4.04,28.86,2026-03-27
6,SELCUK TEPELI ILE NOW ANA HABER,NOW,19:00:08,20:00:03,3.62,12.18,2026-03-27
7,ATV ANA HABER,ATV,18:59:56,19:54:54,3.16,10.73,2026-03-27
8,BIL BAKALIM,TV8,20:44:35,23:16:44,2.97,7.37,2026-03-27
9,KIZILCIK SERBETI (OZET),SHOW TV,19:59:45,21:00:06,2.95,8.29,2026-03-27
10,ARKA SOKAKLAR (TKR),KANAL D,20:01:08,22:56:06,2.72,7.03,2026-03-27
1,GULLER VE GUNAHLAR,KANAL D,20:47:15,24:10:37,6.94,19.06,2026-03-28
2,GONUL DAGI,TRT 1,21:00:08,23:51:04,5.5,14.9,2026-03-28
3,SURVIVOR,TV8,20:46:02,24:15:32,4.34,12.14,2026-03-28
4,OZAN GUNDOGDU ILE NOW ANA HABER HAFTA SONU,NOW,19:00:08,20:00:02,3.99,12.99,2026-03-28
5,GULLER VE GUNAHLAR (OZET),KANAL D,20:00:55,20:46:57,3.5,10.1,2026-03-28
6,GELIN,KANAL 7,19:43:35,21:13:26,2.75,8.03,2026-03-28
7,GULDUR GULDUR SHOW,SHOW TV,20:41:42,23:43:20,2.67,7.22,2026-03-28
8,GONUL DAGI (OZET),TRT 1,20:00:16,21:00:08,2.66,7.64,2026-03-28
9,KANAL D ANA HABER,KANAL D,18:58:29,20:00:10,2.42,7.89,2026-03-28
10,SEVDIGIM SENSIN (TKR),STAR TV,20:00:31,22:52:32,2.24,6.14,2026-03-28
1,TESKILAT,TRT 1,21:00:30,23:40:35,7.22,19.5,2026-03-29
2,SURVIVOR,TV8,20:32:32,24:25:54,5.12,14.6,2026-03-29
3,CIRKIN,STAR TV,20:00:34,22:47:52,4.7,12.38,2026-03-29
4,OZAN GUNDOGDU ILE NOW ANA HABER HAFTA SONU,NOW,19:00:08,19:59:46,3.69,11.22,2026-03-29
5,TESKILAT (OZET),TRT 1,20:00:19,21:00:30,3.08,8.35,2026-03-29
6,DOKTOR BASKA HAYATTA,NOW,20:49:59,23:43:38,2.88,7.73,2026-03-29
7,GELIN,KANAL 7,19:40:10,21:15:43,2.85,7.87,2026-03-29
8,SHOW ANA HABER,SHOW TV,18:58:25,19:59:38,2.6,7.95,2026-03-29
9,KANAL D ANA HABER,KANAL D,18:58:38,20:00:02,2.43,7.37,2026-03-29
10,SON HESAPLASMA (Y.S),SHOW TV,19:59:49,21:51:00,2.15,5.75,2026-03-29
1,UZAK SEHIR,KANAL D,21:00:09,24:05:15,13.66,36.1,2026-03-30
2,UZAK SEHIR (OZET),KANAL D,20:00:47,20:59:58,6.98,18.58,2026-03-30
3,ESRA EROL'DA,ATV,16:21:09,18:53:01,5.76,23.63,2026-03-30
4,MUGE ANLI ILE TATLI SERT,ATV,10:00:10,12:59:58,4.48,29.39,2026-03-30
5,SELCUK TEPELI ILE NOW ANA HABER,NOW,19:00:08,20:00:21,4.06,12.36,2026-03-30
6,ATV ANA HABER,ATV,18:59:53,19:54:56,3.95,12.03,2026-03-30
7,SURVIVOR,TV8,20:46:58,24:12:25,3.68,9.87,2026-03-30
8,CENNETIN COCUKLARI,TRT 1,20:58:08,23:45:30,3.68,9.51,2026-03-30
9,GELIN,KANAL 7,19:45:26,21:13:00,2.97,8.08,2026-03-30
10,SHOW ANA HABER,SHOW TV,18:58:38,20:00:06,2.58,7.86,2026-03-30
1,KOSOVA-TURKIYE FIFA DUNYA KUPASI AVRUPA ELEMELERI KARSILASMASI,TV8,21:26:25,23:58:54,21.43,52.99,2026-03-31
2,ESRA EROL'DA,ATV,16:21:03,18:46:10,5.03,22.81,2026-03-31
3,MUGE ANLI ILE TATLI SERT,ATV,10:00:02,12:59:56,4.4,29.37,2026-03-31
4,SELCUK TEPELI ILE NOW ANA HABER,NOW,19:00:08,20:00:04,4.0,12.9,2026-03-31
5,ATV ANA HABER,ATV,19:00:06,19:49:48,3.88,12.65,2026-03-31
6,A.B.I. (TKR),ATV,19:59:57,23:29:00,3.37,8.59,2026-03-31
7,MILLI MACIN ARDINDAN,TV8,23:59:04,24:56:04,3.2,16.5,2026-03-31
8,MEHMED FETIHLER SULTANI,TRT 1,20:48:29,23:32:17,3.0,7.4,2026-03-31
9,GELIN,KANAL 7,19:42:15,21:16:51,2.95,8.39,2026-03-31
10,MILLI MACA DOGRU,TV8,19:00:00,21:26:15,2.48,7.26,2026-03-31
